year,variable,region,n_pixels,xgb_pred,persistence_2024,climatology_1981_2014,observed
2025,tmax,national,22087,25.75874137878418,26.365057873005536,24.61923431394051,
2025,tmax,north,7085,23.8492374420166,24.41751822960907,22.836902983677632,
2025,tmax,center,7987,25.330127716064453,25.99262968589187,24.03941121135507,
2025,tmax,south,7015,28.175296783447266,28.756063190744786,27.07951437028583,
2025,tmax,atlantic_coast,5454,25.82035255432129,26.36712809674767,24.909317846592824,
2025,tmax,mountains,3259,21.720674514770508,22.50799069086857,20.321326739606995,
2025,tmax,plains,7231,26.39436912536621,26.83108145134559,25.542731345787445,
2025,tmax,sahara,2301,28.33614730834961,28.833557867958948,27.556639705804148,
2025,tmin,national,22087,12.128497123718262,12.400007170128863,10.705519925354935,
2025,tmin,north,7085,11.394619941711426,11.551543168928468,10.056967046484765,
2025,tmin,center,7987,10.980669975280762,11.291700054547773,9.402533875985933,
2025,tmin,south,7015,14.176567077636719,14.518812071148242,12.844072558727042,
2025,tmin,atlantic_coast,5454,14.005636215209961,14.294876852385492,12.85043513264266,
2025,tmin,mountains,3259,6.423207759857178,6.740866319762105,4.613674733330604,
2025,tmin,plains,7231,14.527915954589844,14.774626609399068,13.52572525470294,
2025,tmin,sahara,2301,16.145294189453125,16.614417643507686,15.297314520406413,
2025,prec,national,22087,264.826904296875,228.06547288103928,291.5644554040341,
2025,prec,north,7085,379.911865234375,361.1223852538482,430.8982108033416,
2025,prec,center,7987,273.21893310546875,226.06503067731288,286.0242471187655,
2025,prec,south,7015,139.03868103027344,95.95846043910223,157.14820259866664,
2025,prec,atlantic_coast,5454,186.77981567382812,127.94035569505051,224.00777681633633,
2025,prec,mountains,3259,331.3855895996094,270.05345202145463,327.21607493866384,
2025,prec,plains,7231,255.36338806152344,236.20449444953707,311.9142149454864,
2025,prec,sahara,2301,82.99944305419922,42.85067360854017,84.87056523185205,
2025,vap,national,22087,1.0259692668914795,1.056564698809166,1.0462210126919453,
2025,vap,north,7085,1.142782211303711,1.1731589861641811,1.1604519549245103,
2025,vap,center,7987,0.9104917645454407,0.9323233797134741,0.9379062600473477,
2025,vap,south,7015,1.03946852684021,1.0802631862941279,1.0541730730846288,
2025,vap,atlantic_coast,5454,1.2328150272369385,1.2817683353152205,1.2443066295826908,
2025,vap,mountains,3259,0.6869222521781921,0.6889342589276609,0.6956276457874326,
2025,vap,plains,7231,1.3606822490692139,1.4048673421967404,1.3704708526290266,
2025,vap,sahara,2301,1.3243764638900757,1.3683875129954393,1.3346462204793084,
2025,ws,national,22087,3.609955072402954,3.624196735641134,3.5474457147263374,
2025,ws,north,7085,3.2087507247924805,3.2329146060052403,3.157574489215948,
2025,ws,center,7987,3.401230573654175,3.4058292634692826,3.314006579769048,
2025,ws,south,7015,4.252808570861816,4.268007838806763,4.206991830712792,
2025,ws,atlantic_coast,5454,3.998474359512329,4.0317641456459254,3.937286393622579,
2025,ws,mountains,3259,3.3017170429229736,3.314564795064039,3.262702074016401,
2025,ws,plains,7231,3.649099349975586,3.679336648707963,3.57501112993692,
2025,ws,sahara,2301,4.422503471374512,4.481460954129963,4.371616691422172,
2025,def,national,22087,1609.041748046875,1600.7987775866095,1420.1316367989505,
2025,def,north,7085,1226.543701171875,1221.427720570558,1056.6874988640147,
2025,def,center,7987,1601.5972900390625,1578.889996346207,1385.1397660928014,
2025,def,south,7015,2003.832763671875,2008.8999001419647,1827.0427969698746,
2025,def,atlantic_coast,5454,1657.0948486328125,1656.445599580538,1475.470547233838,
2025,def,mountains,3259,1360.282958984375,1373.19831221208,1168.7065023617406,
2025,def,plains,7231,1488.2733154296875,1476.882118796405,1331.7113640396972,
2025,def,sahara,2301,1945.8565673828125,1971.4258152954685,1834.0348083573142,
2026,tmax,national,22087,26.005712509155273,26.365057873005536,24.61923431394051,
2026,tmax,north,7085,24.167373657226562,24.41751822960907,22.836902983677632,
2026,tmax,center,7987,25.580835342407227,25.99262968589187,24.03941121135507,
2026,tmax,south,7015,28.34614372253418,28.756063190744786,27.07951437028583,
2026,tmax,atlantic_coast,5454,26.063339233398438,26.36712809674767,24.909317846592824,
2026,tmax,mountains,3259,22.01282501220703,22.50799069086857,20.321326739606995,
2026,tmax,plains,7231,26.626773834228516,26.83108145134559,25.542731345787445,
2026,tmax,sahara,2301,28.512386322021484,28.833557867958948,27.556639705804148,
2026,tmin,national,22087,12.20410442352295,12.400007170128863,10.705519925354935,
2026,tmin,north,7085,11.432755470275879,11.551543168928468,10.056967046484765,
2026,tmin,center,7987,11.04909896850586,11.291700054547773,9.402533875985933,
2026,tmin,south,7015,14.298195838928223,14.518812071148242,12.844072558727042,
2026,tmin,atlantic_coast,5454,14.100641250610352,14.294876852385492,12.85043513264266,
2026,tmin,mountains,3259,6.471134185791016,6.740866319762105,4.613674733330604,
2026,tmin,plains,7231,14.614048957824707,14.774626609399068,13.52572525470294,
2026,tmin,sahara,2301,16.30263900756836,16.614417643507686,15.297314520406413,
2026,prec,national,22087,223.08497619628906,228.06547288103928,291.5644554040341,
2026,prec,north,7085,327.2992858886719,361.1223852538482,430.8982108033416,
2026,prec,center,7987,228.16650390625,226.06503067731288,286.0242471187655,
2026,prec,south,7015,112.04508209228516,95.95846043910223,157.14820259866664,
2026,prec,atlantic_coast,5454,148.4894256591797,127.94035569505051,224.00777681633633,
2026,prec,mountains,3259,279.5691833496094,270.05345202145463,327.21607493866384,
2026,prec,plains,7231,215.98118591308594,236.20449444953707,311.9142149454864,
2026,prec,sahara,2301,62.774784088134766,42.85067360854017,84.87056523185205,
2026,vap,national,22087,1.0519918203353882,1.056564698809166,1.0462210126919453,
2026,vap,north,7085,1.1611608266830444,1.1731589861641811,1.1604519549245103,
2026,vap,center,7987,0.9378056526184082,0.9323233797134741,0.9379062600473477,
2026,vap,south,7015,1.0717414617538452,1.0802631862941279,1.0541730730846288,
2026,vap,atlantic_coast,5454,1.2652369737625122,1.2817683353152205,1.2443066295826908,
2026,vap,mountains,3259,0.7145389318466187,0.6889342589276609,0.6956276457874326,
2026,vap,plains,7231,1.3857471942901611,1.4048673421967404,1.3704708526290266,
2026,vap,sahara,2301,1.3453454971313477,1.3683875129954393,1.3346462204793084,
2026,ws,national,22087,3.5711588859558105,3.624196735641134,3.5474457147263374,
2026,ws,north,7085,3.1709096431732178,3.2329146060052403,3.157574489215948,
2026,ws,center,7987,3.3563382625579834,3.4058292634692826,3.314006579769048,
2026,ws,south,7015,4.2199883460998535,4.268007838806763,4.206991830712792,
2026,ws,atlantic_coast,5454,3.9671993255615234,4.0317641456459254,3.937286393622579,
2026,ws,mountains,3259,3.272052526473999,3.314564795064039,3.262702074016401,
2026,ws,plains,7231,3.6104440689086914,3.679336648707963,3.57501112993692,
2026,ws,sahara,2301,4.395742416381836,4.481460954129963,4.371616691422172,
2026,def,national,22087,1589.177001953125,1600.7987775866095,1420.1316367989505,
2026,def,north,7085,1209.042724609375,1221.427720570558,1056.6874988640147,
2026,def,center,7987,1570.1502685546875,1578.889996346207,1385.1397660928014,
2026,def,south,7015,1994.7669677734375,2008.8999001419647,1827.0427969698746,
2026,def,atlantic_coast,5454,1658.7928466796875,1656.445599580538,1475.470547233838,
2026,def,mountains,3259,1325.91162109375,1373.19831221208,1168.7065023617406,
2026,def,plains,7231,1492.67041015625,1476.882118796405,1331.7113640396972,
2026,def,sahara,2301,1970.654541015625,1971.4258152954685,1834.0348083573142,
2027,tmax,national,22087,26.062458038330078,26.365057873005536,24.61923431394051,
2027,tmax,north,7085,24.179162979125977,24.41751822960907,22.836902983677632,
2027,tmax,center,7987,25.65742301940918,25.99262968589187,24.03941121135507,
2027,tmax,south,7015,28.425703048706055,28.756063190744786,27.07951437028583,
2027,tmax,atlantic_coast,5454,26.109973907470703,26.36712809674767,24.909317846592824,
2027,tmax,mountains,3259,22.089370727539062,22.50799069086857,20.321326739606995,
2027,tmax,plains,7231,26.644187927246094,26.83108145134559,25.542731345787445,
2027,tmax,sahara,2301,28.580018997192383,28.833557867958948,27.556639705804148,
2027,tmin,national,22087,12.237481117248535,12.400007170128863,10.705519925354935,
2027,tmin,north,7085,11.47262191772461,11.551543168928468,10.056967046484765,
2027,tmin,center,7987,11.09109878540039,11.291700054547773,9.402533875985933,
2027,tmin,south,7015,14.315195083618164,14.518812071148242,12.844072558727042,
2027,tmin,atlantic_coast,5454,14.155336380004883,14.294876852385492,12.85043513264266,
2027,tmin,mountains,3259,6.507227420806885,6.740866319762105,4.613674733330604,
2027,tmin,plains,7231,14.651446342468262,14.774626609399068,13.52572525470294,
2027,tmin,sahara,2301,16.288122177124023,16.614417643507686,15.297314520406413,
2027,prec,national,22087,203.41481018066406,228.06547288103928,291.5644554040341,
2027,prec,north,7085,307.5647277832031,361.1223852538482,430.8982108033416,
2027,prec,center,7987,205.33621215820312,226.06503067731288,286.0242471187655,
2027,prec,south,7015,96.03811645507812,95.95846043910223,157.14820259866664,
2027,prec,atlantic_coast,5454,130.9615478515625,127.94035569505051,224.00777681633633,
2027,prec,mountains,3259,256.66656494140625,270.05345202145463,327.21607493866384,
2027,prec,plains,7231,202.99778747558594,236.20449444953707,311.9142149454864,
2027,prec,sahara,2301,42.6314697265625,42.85067360854017,84.87056523185205,
2027,vap,national,22087,1.0472207069396973,1.056564698809166,1.0462210126919453,
2027,vap,north,7085,1.160811424255371,1.1731589861641811,1.1604519549245103,
2027,vap,center,7987,0.928196907043457,0.9323233797134741,0.9379062600473477,
2027,vap,south,7015,1.0680122375488281,1.0802631862941279,1.0541730730846288,
2027,vap,atlantic_coast,5454,1.2708393335342407,1.2817683353152205,1.2443066295826908,
2027,vap,mountains,3259,0.7037139534950256,0.6889342589276609,0.6956276457874326,
2027,vap,plains,7231,1.3915263414382935,1.4048673421967404,1.3704708526290266,
2027,vap,sahara,2301,1.3504550457000732,1.3683875129954393,1.3346462204793084,
2027,ws,national,22087,3.5725252628326416,3.624196735641134,3.5474457147263374,
2027,ws,north,7085,3.1757664680480957,3.2329146060052403,3.157574489215948,
2027,ws,center,7987,3.358766555786133,3.4058292634692826,3.314006579769048,
2027,ws,south,7015,4.216620922088623,4.268007838806763,4.206991830712792,
2027,ws,atlantic_coast,5454,3.9720418453216553,4.0317641456459254,3.937286393622579,
2027,ws,mountains,3259,3.2629449367523193,3.314564795064039,3.262702074016401,
2027,ws,plains,7231,3.625434637069702,3.679336648707963,3.57501112993692,
2027,ws,sahara,2301,4.388213634490967,4.481460954129963,4.371616691422172,
2027,def,national,22087,1614.4691162109375,1600.7987775866095,1420.1316367989505,
2027,def,north,7085,1233.8543701171875,1221.427720570558,1056.6874988640147,
2027,def,center,7987,1608.17236328125,1578.889996346207,1385.1397660928014,
2027,def,south,7015,2006.05078125,2008.8999001419647,1827.0427969698746,
2027,def,atlantic_coast,5454,1671.9598388671875,1656.445599580538,1475.470547233838,
2027,def,mountains,3259,1358.68798828125,1373.19831221208,1168.7065023617406,
2027,def,plains,7231,1502.59423828125,1476.882118796405,1331.7113640396972,
2027,def,sahara,2301,1980.322021484375,1971.4258152954685,1834.0348083573142,
2028,tmax,national,22087,26.172691345214844,26.365057873005536,24.61923431394051,
2028,tmax,north,7085,24.2712459564209,24.41751822960907,22.836902983677632,
2028,tmax,center,7987,25.796314239501953,25.99262968589187,24.03941121135507,
2028,tmax,south,7015,28.52164077758789,28.756063190744786,27.07951437028583,
2028,tmax,atlantic_coast,5454,26.229204177856445,26.36712809674767,24.909317846592824,
2028,tmax,mountains,3259,22.222877502441406,22.50799069086857,20.321326739606995,
2028,tmax,plains,7231,26.73505973815918,26.83108145134559,25.542731345787445,
2028,tmax,sahara,2301,28.674556732177734,28.833557867958948,27.556639705804148,
2028,tmin,national,22087,12.195709228515625,12.400007170128863,10.705519925354935,
2028,tmin,north,7085,11.364547729492188,11.551543168928468,10.056967046484765,
2028,tmin,center,7987,11.045928001403809,11.291700054547773,9.402533875985933,
2028,tmin,south,7015,14.344255447387695,14.518812071148242,12.844072558727042,
2028,tmin,atlantic_coast,5454,14.203094482421875,14.294876852385492,12.85043513264266,
2028,tmin,mountains,3259,6.369345664978027,6.740866319762105,4.613674733330604,
2028,tmin,plains,7231,14.642751693725586,14.774626609399068,13.52572525470294,
2028,tmin,sahara,2301,16.390798568725586,16.614417643507686,15.297314520406413,
2028,prec,national,22087,222.6569061279297,228.06547288103928,291.5644554040341,
2028,prec,north,7085,341.9168395996094,361.1223852538482,430.8982108033416,
2028,prec,center,7987,221.3487091064453,226.06503067731288,286.0242471187655,
2028,prec,south,7015,103.69642639160156,95.95846043910223,157.14820259866664,
2028,prec,atlantic_coast,5454,149.0311279296875,127.94035569505051,224.00777681633633,
2028,prec,mountains,3259,271.9256896972656,270.05345202145463,327.21607493866384,
2028,prec,plains,7231,236.09417724609375,236.20449444953707,311.9142149454864,
2028,prec,sahara,2301,56.319889068603516,42.85067360854017,84.87056523185205,
2028,vap,national,22087,1.055388331413269,1.056564698809166,1.0462210126919453,
2028,vap,north,7085,1.162358045578003,1.1731589861641811,1.1604519549245103,
2028,vap,center,7987,0.9407258033752441,0.9323233797134741,0.9379062600473477,
2028,vap,south,7015,1.0779014825820923,1.0802631862941279,1.0541730730846288,
2028,vap,atlantic_coast,5454,1.2705423831939697,1.2817683353152205,1.2443066295826908,
2028,vap,mountains,3259,0.7155560851097107,0.6889342589276609,0.6956276457874326,
2028,vap,plains,7231,1.3897985219955444,1.4048673421967404,1.3704708526290266,
2028,vap,sahara,2301,1.3464642763137817,1.3683875129954393,1.3346462204793084,
2028,ws,national,22087,3.5748143196105957,3.624196735641134,3.5474457147263374,
2028,ws,north,7085,3.1864376068115234,3.2329146060052403,3.157574489215948,
2028,ws,center,7987,3.3658249378204346,3.4058292634692826,3.314006579769048,
2028,ws,south,7015,4.205012798309326,4.268007838806763,4.206991830712792,
2028,ws,atlantic_coast,5454,3.9693334102630615,4.0317641456459254,3.937286393622579,
2028,ws,mountains,3259,3.2773430347442627,3.314564795064039,3.262702074016401,
2028,ws,plains,7231,3.628849744796753,3.679336648707963,3.57501112993692,
2028,ws,sahara,2301,4.370534896850586,4.481460954129963,4.371616691422172,
2028,def,national,22087,1629.6085205078125,1600.7987775866095,1420.1316367989505,
2028,def,north,7085,1236.9581298828125,1221.427720570558,1056.6874988640147,
2028,def,center,7987,1621.5574951171875,1578.889996346207,1385.1397660928014,
2028,def,south,7015,2035.34375,2008.8999001419647,1827.0427969698746,
2028,def,atlantic_coast,5454,1692.5718994140625,1656.445599580538,1475.470547233838,
2028,def,mountains,3259,1363.5196533203125,1373.19831221208,1168.7065023617406,
2028,def,plains,7231,1514.2352294921875,1476.882118796405,1331.7113640396972,
2028,def,sahara,2301,2004.7952880859375,1971.4258152954685,1834.0348083573142,
2029,tmax,national,22087,26.22901153564453,26.365057873005536,24.61923431394051,
2029,tmax,north,7085,24.279956817626953,24.41751822960907,22.836902983677632,
2029,tmax,center,7987,25.866619110107422,25.99262968589187,24.03941121135507,
2029,tmax,south,7015,28.61012077331543,28.756063190744786,27.07951437028583,
2029,tmax,atlantic_coast,5454,26.283658981323242,26.36712809674767,24.909317846592824,
2029,tmax,mountains,3259,22.292564392089844,22.50799069086857,20.321326739606995,
2029,tmax,plains,7231,26.747203826904297,26.83108145134559,25.542731345787445,
2029,tmax,sahara,2301,28.73396110534668,28.833557867958948,27.556639705804148,
2029,tmin,national,22087,12.1735200881958,12.400007170128863,10.705519925354935,
2029,tmin,north,7085,11.33657169342041,11.551543168928468,10.056967046484765,
2029,tmin,center,7987,11.03266716003418,11.291700054547773,9.402533875985933,
2029,tmin,south,7015,14.317748069763184,14.518812071148242,12.844072558727042,
2029,tmin,atlantic_coast,5454,14.162604331970215,14.294876852385492,12.85043513264266,
2029,tmin,mountains,3259,6.383019924163818,6.740866319762105,4.613674733330604,
2029,tmin,plains,7231,14.606481552124023,14.774626609399068,13.52572525470294,
2029,tmin,sahara,2301,16.392162322998047,16.614417643507686,15.297314520406413,
2029,prec,national,22087,225.1285858154297,228.06547288103928,291.5644554040341,
2029,prec,north,7085,337.0369873046875,361.1223852538482,430.8982108033416,
2029,prec,center,7987,230.70870971679688,226.06503067731288,286.0242471187655,
2029,prec,south,7015,105.75019836425781,95.95846043910223,157.14820259866664,
2029,prec,atlantic_coast,5454,147.25770568847656,127.94035569505051,224.00777681633633,
2029,prec,mountains,3259,285.49102783203125,270.05345202145463,327.21607493866384,
2029,prec,plains,7231,226.42042541503906,236.20449444953707,311.9142149454864,
2029,prec,sahara,2301,56.9867057800293,42.85067360854017,84.87056523185205,
2029,vap,national,22087,1.0415771007537842,1.056564698809166,1.0462210126919453,
2029,vap,north,7085,1.1541869640350342,1.1731589861641811,1.1604519549245103,
2029,vap,center,7987,0.9263767600059509,0.9323233797134741,0.9379062600473477,
2029,vap,south,7015,1.0590062141418457,1.0802631862941279,1.0541730730846288,
2029,vap,atlantic_coast,5454,1.2561252117156982,1.2817683353152205,1.2443066295826908,
2029,vap,mountains,3259,0.6992838978767395,0.6889342589276609,0.6956276457874326,
2029,vap,plains,7231,1.379214882850647,1.4048673421967404,1.3704708526290266,
2029,vap,sahara,2301,1.329050064086914,1.3683875129954393,1.3346462204793084,
2029,ws,national,22087,3.581529140472412,3.624196735641134,3.5474457147263374,
2029,ws,north,7085,3.1850106716156006,3.2329146060052403,3.157574489215948,
2029,ws,center,7987,3.3702828884124756,3.4058292634692826,3.314006579769048,
2029,ws,south,7015,4.2225213050842285,4.268007838806763,4.206991830712792,
2029,ws,atlantic_coast,5454,3.9726204872131348,4.0317641456459254,3.937286393622579,
2029,ws,mountains,3259,3.2793262004852295,3.314564795064039,3.262702074016401,
2029,ws,plains,7231,3.6268069744110107,3.679336648707963,3.57501112993692,
2029,ws,sahara,2301,4.403812408447266,4.481460954129963,4.371616691422172,
2029,def,national,22087,1626.22607421875,1600.7987775866095,1420.1316367989505,
2029,def,north,7085,1224.3941650390625,1221.427720570558,1056.6874988640147,
2029,def,center,7987,1622.507080078125,1578.889996346207,1385.1397660928014,
2029,def,south,7015,2036.30224609375,2008.8999001419647,1827.0427969698746,
2029,def,atlantic_coast,5454,1695.9349365234375,1656.445599580538,1475.470547233838,
2029,def,mountains,3259,1371.5771484375,1373.19831221208,1168.7065023617406,
2029,def,plains,7231,1506.45556640625,1476.882118796405,1331.7113640396972,
2029,def,sahara,2301,2000.470703125,1971.4258152954685,1834.0348083573142,
2030,tmax,national,22087,26.410587310791016,26.365057873005536,24.61923431394051,
2030,tmax,north,7085,24.41486930847168,24.41751822960907,22.836902983677632,
2030,tmax,center,7987,26.012388229370117,25.99262968589187,24.03941121135507,
2030,tmax,south,7015,28.87958335876465,28.756063190744786,27.07951437028583,
2030,tmax,atlantic_coast,5454,26.492420196533203,26.36712809674767,24.909317846592824,
2030,tmax,mountains,3259,22.388629913330078,22.50799069086857,20.321326739606995,
2030,tmax,plains,7231,26.964561462402344,26.83108145134559,25.542731345787445,
2030,tmax,sahara,2301,29.011999130249023,28.833557867958948,27.556639705804148,
2030,tmin,national,22087,12.47647762298584,12.400007170128863,10.705519925354935,
2030,tmin,north,7085,11.565250396728516,11.551543168928468,10.056967046484765,
2030,tmin,center,7987,11.379663467407227,11.291700054547773,9.402533875985933,
2030,tmin,south,7015,14.645586013793945,14.518812071148242,12.844072558727042,
2030,tmin,atlantic_coast,5454,14.439740180969238,14.294876852385492,12.85043513264266,
2030,tmin,mountains,3259,6.6274261474609375,6.740866319762105,4.613674733330604,
2030,tmin,plains,7231,14.880620956420898,14.774626609399068,13.52572525470294,
2030,tmin,sahara,2301,16.653261184692383,16.614417643507686,15.297314520406413,
2030,prec,national,22087,226.48037719726562,228.06547288103928,291.5644554040341,
2030,prec,north,7085,340.8284606933594,361.1223852538482,430.8982108033416,
2030,prec,center,7987,228.2861785888672,226.06503067731288,286.0242471187655,
2030,prec,south,7015,108.93523406982422,95.95846043910223,157.14820259866664,
2030,prec,atlantic_coast,5454,151.12940979003906,127.94035569505051,224.00777681633633,
2030,prec,mountains,3259,279.39898681640625,270.05345202145463,327.21607493866384,
2030,prec,plains,7231,230.77413940429688,236.20449444953707,311.9142149454864,
2030,prec,sahara,2301,58.5513916015625,42.85067360854017,84.87056523185205,
2030,vap,national,22087,1.0417286157608032,1.056564698809166,1.0462210126919453,
2030,vap,north,7085,1.1563794612884521,1.1731589861641811,1.1604519549245103,
2030,vap,center,7987,0.9271218180656433,0.9323233797134741,0.9379062600473477,
2030,vap,south,7015,1.0564204454421997,1.0802631862941279,1.0541730730846288,
2030,vap,atlantic_coast,5454,1.257152795791626,1.2817683353152205,1.2443066295826908,
2030,vap,mountains,3259,0.7050760388374329,0.6889342589276609,0.6956276457874326,
2030,vap,plains,7231,1.3781665563583374,1.4048673421967404,1.3704708526290266,
2030,vap,sahara,2301,1.3246933221817017,1.3683875129954393,1.3346462204793084,
2030,ws,national,22087,3.6113526821136475,3.624196735641134,3.5474457147263374,
2030,ws,north,7085,3.2315845489501953,3.2329146060052403,3.157574489215948,
2030,ws,center,7987,3.41550350189209,3.4058292634692826,3.314006579769048,
2030,ws,south,7015,4.2178955078125,4.268007838806763,4.206991830712792,
2030,ws,atlantic_coast,5454,3.9861114025115967,4.0317641456459254,3.937286393622579,
2030,ws,mountains,3259,3.3224477767944336,3.314564795064039,3.262702074016401,
2030,ws,plains,7231,3.66072940826416,3.679336648707963,3.57501112993692,
2030,ws,sahara,2301,4.384988784790039,4.481460954129963,4.371616691422172,
2030,def,national,22087,1643.368896484375,1600.7987775866095,1420.1316367989505,
2030,def,north,7085,1256.076416015625,1221.427720570558,1056.6874988640147,
2030,def,center,7987,1630.7991943359375,1578.889996346207,1385.1397660928014,
2030,def,south,7015,2048.836669921875,2008.8999001419647,1827.0427969698746,
2030,def,atlantic_coast,5454,1695.3995361328125,1656.445599580538,1475.470547233838,
2030,def,mountains,3259,1377.2366943359375,1373.19831221208,1168.7065023617406,
2030,def,plains,7231,1529.2413330078125,1476.882118796405,1331.7113640396972,
2030,def,sahara,2301,2008.9615478515625,1971.4258152954685,1834.0348083573142,
2031,tmax,national,22087,26.489608764648438,26.365057873005536,24.61923431394051,
2031,tmax,north,7085,24.506816864013672,24.41751822960907,22.836902983677632,
2031,tmax,center,7987,26.057327270507812,25.99262968589187,24.03941121135507,
2031,tmax,south,7015,28.984371185302734,28.756063190744786,27.07951437028583,
2031,tmax,atlantic_coast,5454,26.6102294921875,26.36712809674767,24.909317846592824,
2031,tmax,mountains,3259,22.415769577026367,22.50799069086857,20.321326739606995,
2031,tmax,plains,7231,27.072086334228516,26.83108145134559,25.542731345787445,
2031,tmax,sahara,2301,29.18501091003418,28.833557867958948,27.556639705804148,
2031,tmin,national,22087,12.620348930358887,12.400007170128863,10.705519925354935,
2031,tmin,north,7085,11.788700103759766,11.551543168928468,10.056967046484765,
2031,tmin,center,7987,11.480008125305176,11.291700054547773,9.402533875985933,
2031,tmin,south,7015,14.758646965026855,14.518812071148242,12.844072558727042,
2031,tmin,atlantic_coast,5454,14.60411548614502,14.294876852385492,12.85043513264266,
2031,tmin,mountains,3259,6.7571001052856445,6.740866319762105,4.613674733330604,
2031,tmin,plains,7231,15.030983924865723,14.774626609399068,13.52572525470294,
2031,tmin,sahara,2301,16.772905349731445,16.614417643507686,15.297314520406413,
2031,prec,national,22087,231.7607421875,228.06547288103928,291.5644554040341,
2031,prec,north,7085,349.3400573730469,361.1223852538482,430.8982108033416,
2031,prec,center,7987,233.99842834472656,226.06503067731288,286.0242471187655,
2031,prec,south,7015,110.46040344238281,95.95846043910223,157.14820259866664,
2031,prec,atlantic_coast,5454,160.2527313232422,127.94035569505051,224.00777681633633,
2031,prec,mountains,3259,287.381103515625,270.05345202145463,327.21607493866384,
2031,prec,plains,7231,239.9867401123047,236.20449444953707,311.9142149454864,
2031,prec,sahara,2301,58.96926498413086,42.85067360854017,84.87056523185205,
2031,vap,national,22087,1.0429176092147827,1.056564698809166,1.0462210126919453,
2031,vap,north,7085,1.1570649147033691,1.1731589861641811,1.1604519549245103,
2031,vap,center,7987,0.9300589561462402,0.9323233797134741,0.9379062600473477,
2031,vap,south,7015,1.0561275482177734,1.0802631862941279,1.0541730730846288,
2031,vap,atlantic_coast,5454,1.258246660232544,1.2817683353152205,1.2443066295826908,
2031,vap,mountains,3259,0.7069739699363708,0.6889342589276609,0.6956276457874326,
2031,vap,plains,7231,1.383264422416687,1.4048673421967404,1.3704708526290266,
2031,vap,sahara,2301,1.3245468139648438,1.3683875129954393,1.3346462204793084,
2031,ws,national,22087,3.625033140182495,3.624196735641134,3.5474457147263374,
2031,ws,north,7085,3.2472195625305176,3.2329146060052403,3.157574489215948,
2031,ws,center,7987,3.427518844604492,3.4058292634692826,3.314006579769048,
2031,ws,south,7015,4.231499671936035,4.268007838806763,4.206991830712792,
2031,ws,atlantic_coast,5454,3.997119426727295,4.0317641456459254,3.937286393622579,
2031,ws,mountains,3259,3.337611436843872,3.314564795064039,3.262702074016401,
2031,ws,plains,7231,3.6611926555633545,3.679336648707963,3.57501112993692,
2031,ws,sahara,2301,4.3845601081848145,4.481460954129963,4.371616691422172,
2031,def,national,22087,1650.2972412109375,1600.7987775866095,1420.1316367989505,
2031,def,north,7085,1251.584228515625,1221.427720570558,1056.6874988640147,
2031,def,center,7987,1643.767578125,1578.889996346207,1385.1397660928014,
2031,def,south,7015,2060.42333984375,2008.8999001419647,1827.0427969698746,
2031,def,atlantic_coast,5454,1704.5194091796875,1656.445599580538,1475.470547233838,
2031,def,mountains,3259,1384.8751220703125,1373.19831221208,1168.7065023617406,
2031,def,plains,7231,1528.616943359375,1476.882118796405,1331.7113640396972,
2031,def,sahara,2301,2023.622802734375,1971.4258152954685,1834.0348083573142,
2032,tmax,national,22087,26.53704071044922,26.365057873005536,24.61923431394051,
2032,tmax,north,7085,24.543930053710938,24.41751822960907,22.836902983677632,
2032,tmax,center,7987,26.088134765625,25.99262968589187,24.03941121135507,
2032,tmax,south,7015,29.061145782470703,28.756063190744786,27.07951437028583,
2032,tmax,atlantic_coast,5454,26.669410705566406,26.36712809674767,24.909317846592824,
2032,tmax,mountains,3259,22.444284439086914,22.50799069086857,20.321326739606995,
2032,tmax,plains,7231,27.127323150634766,26.83108145134559,25.542731345787445,
2032,tmax,sahara,2301,29.255849838256836,28.833557867958948,27.556639705804148,
2032,tmin,national,22087,12.633127212524414,12.400007170128863,10.705519925354935,
2032,tmin,north,7085,11.76773738861084,11.551543168928468,10.056967046484765,
2032,tmin,center,7987,11.487001419067383,11.291700054547773,9.402533875985933,
2032,tmin,south,7015,14.81208324432373,14.518812071148242,12.844072558727042,
2032,tmin,atlantic_coast,5454,14.639808654785156,14.294876852385492,12.85043513264266,
2032,tmin,mountains,3259,6.754150390625,6.740866319762105,4.613674733330604,
2032,tmin,plains,7231,15.045734405517578,14.774626609399068,13.52572525470294,
2032,tmin,sahara,2301,16.80997085571289,16.614417643507686,15.297314520406413,
2032,prec,national,22087,230.74378967285156,228.06547288103928,291.5644554040341,
2032,prec,north,7085,344.6932678222656,361.1223852538482,430.8982108033416,
2032,prec,center,7987,231.72190856933594,226.06503067731288,286.0242471187655,
2032,prec,south,7015,114.54363250732422,95.95846043910223,157.14820259866664,
2032,prec,atlantic_coast,5454,162.24496459960938,127.94035569505051,224.00777681633633,
2032,prec,mountains,3259,283.7026062011719,270.05345202145463,327.21607493866384,
2032,prec,plains,7231,239.58644104003906,236.20449444953707,311.9142149454864,
2032,prec,sahara,2301,63.831417083740234,42.85067360854017,84.87056523185205,
2032,vap,national,22087,1.0453087091445923,1.056564698809166,1.0462210126919453,
2032,vap,north,7085,1.1583949327468872,1.1731589861641811,1.1604519549245103,
2032,vap,center,7987,0.9324978590011597,0.9323233797134741,0.9379062600473477,
2032,vap,south,7015,1.0595358610153198,1.0802631862941279,1.0541730730846288,
2032,vap,atlantic_coast,5454,1.259626865386963,1.2817683353152205,1.2443066295826908,
2032,vap,mountains,3259,0.7110894918441772,0.6889342589276609,0.6956276457874326,
2032,vap,plains,7231,1.38358473777771,1.4048673421967404,1.3704708526290266,
2032,vap,sahara,2301,1.321266770362854,1.3683875129954393,1.3346462204793084,
2032,ws,national,22087,3.636417865753174,3.624196735641134,3.5474457147263374,
2032,ws,north,7085,3.261228561401367,3.2329146060052403,3.157574489215948,
2032,ws,center,7987,3.4407248497009277,3.4058292634692826,3.314006579769048,
2032,ws,south,7015,4.238158702850342,4.268007838806763,4.206991830712792,
2032,ws,atlantic_coast,5454,4.009805202484131,4.0317641456459254,3.937286393622579,
2032,ws,mountains,3259,3.345698356628418,3.314564795064039,3.262702074016401,
2032,ws,plains,7231,3.6756350994110107,3.679336648707963,3.57501112993692,
2032,ws,sahara,2301,4.395622253417969,4.481460954129963,4.371616691422172,
2032,def,national,22087,1649.4656982421875,1600.7987775866095,1420.1316367989505,
2032,def,north,7085,1252.2518310546875,1221.427720570558,1056.6874988640147,
2032,def,center,7987,1639.0504150390625,1578.889996346207,1385.1397660928014,
2032,def,south,7015,2062.501220703125,2008.8999001419647,1827.0427969698746,
2032,def,atlantic_coast,5454,1701.6021728515625,1656.445599580538,1475.470547233838,
2032,def,mountains,3259,1382.8355712890625,1373.19831221208,1168.7065023617406,
2032,def,plains,7231,1528.4422607421875,1476.882118796405,1331.7113640396972,
2032,def,sahara,2301,2028.488037109375,1971.4258152954685,1834.0348083573142,
2033,tmax,national,22087,26.5847225189209,26.365057873005536,24.61923431394051,
2033,tmax,north,7085,24.563518524169922,24.41751822960907,22.836902983677632,
2033,tmax,center,7987,26.160873413085938,25.99262968589187,24.03941121135507,
2033,tmax,south,7015,29.108675003051758,28.756063190744786,27.07951437028583,
2033,tmax,atlantic_coast,5454,26.72123146057129,26.36712809674767,24.909317846592824,
2033,tmax,mountains,3259,22.544757843017578,22.50799069086857,20.321326739606995,
2033,tmax,plains,7231,27.14346694946289,26.83108145134559,25.542731345787445,
2033,tmax,sahara,2301,29.288591384887695,28.833557867958948,27.556639705804148,
2033,tmin,national,22087,12.696052551269531,12.400007170128863,10.705519925354935,
2033,tmin,north,7085,11.802633285522461,11.551543168928468,10.056967046484765,
2033,tmin,center,7987,11.5736722946167,11.291700054547773,9.402533875985933,
2033,tmin,south,7015,14.876287460327148,14.518812071148242,12.844072558727042,
2033,tmin,atlantic_coast,5454,14.720462799072266,14.294876852385492,12.85043513264266,
2033,tmin,mountains,3259,6.880156517028809,6.740866319762105,4.613674733330604,
2033,tmin,plains,7231,15.058188438415527,14.774626609399068,13.52572525470294,
2033,tmin,sahara,2301,16.87047004699707,16.614417643507686,15.297314520406413,
2033,prec,national,22087,221.39630126953125,228.06547288103928,291.5644554040341,
2033,prec,north,7085,328.3755187988281,361.1223852538482,430.8982108033416,
2033,prec,center,7987,223.7772674560547,226.06503067731288,286.0242471187655,
2033,prec,south,7015,110.63863372802734,95.95846043910223,157.14820259866664,
2033,prec,atlantic_coast,5454,149.3981475830078,127.94035569505051,224.00777681633633,
2033,prec,mountains,3259,271.4698791503906,270.05345202145463,327.21607493866384,
2033,prec,plains,7231,224.06631469726562,236.20449444953707,311.9142149454864,
2033,prec,sahara,2301,58.57860565185547,42.85067360854017,84.87056523185205,
2033,vap,national,22087,1.0439515113830566,1.056564698809166,1.0462210126919453,
2033,vap,north,7085,1.1570998430252075,1.1731589861641811,1.1604519549245103,
2033,vap,center,7987,0.9302308559417725,0.9323233797134741,0.9379062600473477,
2033,vap,south,7015,1.0591514110565186,1.0802631862941279,1.0541730730846288,
2033,vap,atlantic_coast,5454,1.257781982421875,1.2817683353152205,1.2443066295826908,
2033,vap,mountains,3259,0.7071366310119629,0.6889342589276609,0.6956276457874326,
2033,vap,plains,7231,1.3827331066131592,1.4048673421967404,1.3704708526290266,
2033,vap,sahara,2301,1.3201231956481934,1.3683875129954393,1.3346462204793084,
2033,ws,national,22087,3.6461288928985596,3.624196735641134,3.5474457147263374,
2033,ws,north,7085,3.282029151916504,3.2329146060052403,3.157574489215948,
2033,ws,center,7987,3.4439573287963867,3.4058292634692826,3.314006579769048,
2033,ws,south,7015,4.244046688079834,4.268007838806763,4.206991830712792,
2033,ws,atlantic_coast,5454,4.0231804847717285,4.0317641456459254,3.937286393622579,
2033,ws,mountains,3259,3.348020553588867,3.314564795064039,3.262702074016401,
2033,ws,plains,7231,3.697727680206299,3.679336648707963,3.57501112993692,
2033,ws,sahara,2301,4.4012064933776855,4.481460954129963,4.371616691422172,
2033,def,national,22087,1667.7861328125,1600.7987775866095,1420.1316367989505,
2033,def,north,7085,1282.0341796875,1221.427720570558,1056.6874988640147,
2033,def,center,7987,1654.1497802734375,1578.889996346207,1385.1397660928014,
2033,def,south,7015,2072.9130859375,2008.8999001419647,1827.0427969698746,
2033,def,atlantic_coast,5454,1725.8302001953125,1656.445599580538,1475.470547233838,
2033,def,mountains,3259,1397.5328369140625,1373.19831221208,1168.7065023617406,
2033,def,plains,7231,1558.659912109375,1476.882118796405,1331.7113640396972,
2033,def,sahara,2301,2045.305908203125,1971.4258152954685,1834.0348083573142,
2034,tmax,national,22087,26.601558685302734,26.365057873005536,24.61923431394051,
2034,tmax,north,7085,24.56088638305664,24.41751822960907,22.836902983677632,
2034,tmax,center,7987,26.182788848876953,25.99262968589187,24.03941121135507,
2034,tmax,south,7015,29.139389038085938,28.756063190744786,27.07951437028583,
2034,tmax,atlantic_coast,5454,26.730972290039062,26.36712809674767,24.909317846592824,
2034,tmax,mountains,3259,22.56340217590332,22.50799069086857,20.321326739606995,
2034,tmax,plains,7231,27.148794174194336,26.83108145134559,25.542731345787445,
2034,tmax,sahara,2301,29.329265594482422,28.833557867958948,27.556639705804148,
2034,tmin,national,22087,12.6917724609375,12.400007170128863,10.705519925354935,
2034,tmin,north,7085,11.78633975982666,11.551543168928468,10.056967046484765,
2034,tmin,center,7987,11.543259620666504,11.291700054547773,9.402533875985933,
2034,tmin,south,7015,14.913894653320312,14.518812071148242,12.844072558727042,
2034,tmin,atlantic_coast,5454,14.738072395324707,14.294876852385492,12.85043513264266,
2034,tmin,mountains,3259,6.849916934967041,6.740866319762105,4.613674733330604,
2034,tmin,plains,7231,15.083343505859375,14.774626609399068,13.52572525470294,
2034,tmin,sahara,2301,16.934005737304688,16.614417643507686,15.297314520406413,
2034,prec,national,22087,228.2008819580078,228.06547288103928,291.5644554040341,
2034,prec,north,7085,338.31439208984375,361.1223852538482,430.8982108033416,
2034,prec,center,7987,231.68397521972656,226.06503067731288,286.0242471187655,
2034,prec,south,7015,113.0229263305664,95.95846043910223,157.14820259866664,
2034,prec,atlantic_coast,5454,156.8092498779297,127.94035569505051,224.00777681633633,
2034,prec,mountains,3259,275.6544189453125,270.05345202145463,327.21607493866384,
2034,prec,plains,7231,232.35299682617188,236.20449444953707,311.9142149454864,
2034,prec,sahara,2301,61.38582229614258,42.85067360854017,84.87056523185205,
2034,vap,national,22087,1.0456688404083252,1.056564698809166,1.0462210126919453,
2034,vap,north,7085,1.1556564569473267,1.1731589861641811,1.1604519549245103,
2034,vap,center,7987,0.9333368539810181,0.9323233797134741,0.9379062600473477,
2034,vap,south,7015,1.0624803304672241,1.0802631862941279,1.0541730730846288,
2034,vap,atlantic_coast,5454,1.2605010271072388,1.2817683353152205,1.2443066295826908,
2034,vap,mountains,3259,0.7109699845314026,0.6889342589276609,0.6956276457874326,
2034,vap,plains,7231,1.383552074432373,1.4048673421967404,1.3704708526290266,
2034,vap,sahara,2301,1.321584939956665,1.3683875129954393,1.3346462204793084,
2034,ws,national,22087,3.6460297107696533,3.624196735641134,3.5474457147263374,
2034,ws,north,7085,3.2770349979400635,3.2329146060052403,3.157574489215948,
2034,ws,center,7987,3.4479541778564453,3.4058292634692826,3.314006579769048,
2034,ws,south,7015,4.244227886199951,4.268007838806763,4.206991830712792,
2034,ws,atlantic_coast,5454,4.024672031402588,4.0317641456459254,3.937286393622579,
2034,ws,mountains,3259,3.3491833209991455,3.314564795064039,3.262702074016401,
2034,ws,plains,7231,3.698298931121826,3.679336648707963,3.57501112993692,
2034,ws,sahara,2301,4.397039413452148,4.481460954129963,4.371616691422172,
2034,def,national,22087,1663.8797607421875,1600.7987775866095,1420.1316367989505,
2034,def,north,7085,1268.626708984375,1221.427720570558,1056.6874988640147,
2034,def,center,7987,1653.7076416015625,1578.889996346207,1385.1397660928014,
2034,def,south,7015,2074.658203125,2008.8999001419647,1827.0427969698746,
2034,def,atlantic_coast,5454,1720.6029052734375,1656.445599580538,1475.470547233838,
2034,def,mountains,3259,1399.1180419921875,1373.19831221208,1168.7065023617406,
2034,def,plains,7231,1550.4635009765625,1476.882118796405,1331.7113640396972,
2034,def,sahara,2301,2043.476806640625,1971.4258152954685,1834.0348083573142,
2035,tmax,national,22087,26.655521392822266,26.365057873005536,24.61923431394051,
2035,tmax,north,7085,24.6005859375,24.41751822960907,22.836902983677632,
2035,tmax,center,7987,26.25327491760254,25.99262968589187,24.03941121135507,
2035,tmax,south,7015,29.18893814086914,28.756063190744786,27.07951437028583,
2035,tmax,atlantic_coast,5454,26.75737762451172,26.36712809674767,24.909317846592824,
2035,tmax,mountains,3259,22.59528923034668,22.50799069086857,20.321326739606995,
2035,tmax,plains,7231,27.181303024291992,26.83108145134559,25.542731345787445,
2035,tmax,sahara,2301,29.358287811279297,28.833557867958948,27.556639705804148,
2035,tmin,national,22087,12.685400009155273,12.400007170128863,10.705519925354935,
2035,tmin,north,7085,11.7872953414917,11.551543168928468,10.056967046484765,
2035,tmin,center,7987,11.52586841583252,11.291700054547773,9.402533875985933,
2035,tmin,south,7015,14.912662506103516,14.518812071148242,12.844072558727042,
2035,tmin,atlantic_coast,5454,14.723843574523926,14.294876852385492,12.85043513264266,
2035,tmin,mountains,3259,6.769577980041504,6.740866319762105,4.613674733330604,
2035,tmin,plains,7231,15.104096412658691,14.774626609399068,13.52572525470294,
2035,tmin,sahara,2301,16.955230712890625,16.614417643507686,15.297314520406413,
2035,prec,national,22087,248.3568572998047,228.06547288103928,291.5644554040341,
2035,prec,north,7085,377.4545593261719,361.1223852538482,430.8982108033416,
2035,prec,center,7987,248.1301727294922,226.06503067731288,286.0242471187655,
2035,prec,south,7015,118.22907257080078,95.95846043910223,157.14820259866664,
2035,prec,atlantic_coast,5454,168.0653839111328,127.94035569505051,224.00777681633633,
2035,prec,mountains,3259,299.4945068359375,270.05345202145463,327.21607493866384,
2035,prec,plains,7231,256.38677978515625,236.20449444953707,311.9142149454864,
2035,prec,sahara,2301,63.65259552001953,42.85067360854017,84.87056523185205,
2035,vap,national,22087,1.047276258468628,1.056564698809166,1.0462210126919453,
2035,vap,north,7085,1.1586312055587769,1.1731589861641811,1.1604519549245103,
2035,vap,center,7987,0.9352806210517883,0.9323233797134741,0.9379062600473477,
2035,vap,south,7015,1.0623239278793335,1.0802631862941279,1.0541730730846288,
2035,vap,atlantic_coast,5454,1.261236310005188,1.2817683353152205,1.2443066295826908,
2035,vap,mountains,3259,0.7112603783607483,0.6889342589276609,0.6956276457874326,
2035,vap,plains,7231,1.3839080333709717,1.4048673421967404,1.3704708526290266,
2035,vap,sahara,2301,1.31894850730896,1.3683875129954393,1.3346462204793084,
2035,ws,national,22087,3.6702802181243896,3.624196735641134,3.5474457147263374,
2035,ws,north,7085,3.298450469970703,3.2329146060052403,3.157574489215948,
2035,ws,center,7987,3.4757816791534424,3.4058292634692826,3.314006579769048,
2035,ws,south,7015,4.267267227172852,4.268007838806763,4.206991830712792,
2035,ws,atlantic_coast,5454,4.039334774017334,4.0317641456459254,3.937286393622579,
2035,ws,mountains,3259,3.3757152557373047,3.314564795064039,3.262702074016401,
2035,ws,plains,7231,3.710508108139038,3.679336648707963,3.57501112993692,
2035,ws,sahara,2301,4.407924175262451,4.481460954129963,4.371616691422172,
2035,def,national,22087,1670.2728271484375,1600.7987775866095,1420.1316367989505,
2035,def,north,7085,1269.9342041015625,1221.427720570558,1056.6874988640147,
2035,def,center,7987,1665.0478515625,1578.889996346207,1385.1397660928014,
2035,def,south,7015,2080.55517578125,2008.8999001419647,1827.0427969698746,
2035,def,atlantic_coast,5454,1721.5888671875,1656.445599580538,1475.470547233838,
2035,def,mountains,3259,1404.0103759765625,1373.19831221208,1168.7065023617406,
2035,def,plains,7231,1547.7327880859375,1476.882118796405,1331.7113640396972,
2035,def,sahara,2301,2044.221435546875,1971.4258152954685,1834.0348083573142,
2036,tmax,national,22087,26.6784725189209,26.365057873005536,24.61923431394051,
2036,tmax,north,7085,24.587867736816406,24.41751822960907,22.836902983677632,
2036,tmax,center,7987,26.275516510009766,25.99262968589187,24.03941121135507,
2036,tmax,south,7015,29.248735427856445,28.756063190744786,27.07951437028583,
2036,tmax,atlantic_coast,5454,26.81877326965332,26.36712809674767,24.909317846592824,
2036,tmax,mountains,3259,22.619966506958008,22.50799069086857,20.321326739606995,
2036,tmax,plains,7231,27.205951690673828,26.83108145134559,25.542731345787445,
2036,tmax,sahara,2301,29.408565521240234,28.833557867958948,27.556639705804148,
2036,tmin,national,22087,12.689247131347656,12.400007170128863,10.705519925354935,
2036,tmin,north,7085,11.774297714233398,11.551543168928468,10.056967046484765,
2036,tmin,center,7987,11.524214744567871,11.291700054547773,9.402533875985933,
2036,tmin,south,7015,14.939787864685059,14.518812071148242,12.844072558727042,
2036,tmin,atlantic_coast,5454,14.761176109313965,14.294876852385492,12.85043513264266,
2036,tmin,mountains,3259,6.719666957855225,6.740866319762105,4.613674733330604,
2036,tmin,plains,7231,15.135242462158203,14.774626609399068,13.52572525470294,
2036,tmin,sahara,2301,16.97907066345215,16.614417643507686,15.297314520406413,
2036,prec,national,22087,255.2350311279297,228.06547288103928,291.5644554040341,
2036,prec,north,7085,385.33154296875,361.1223852538482,430.8982108033416,
2036,prec,center,7987,254.79441833496094,226.06503067731288,286.0242471187655,
2036,prec,south,7015,124.3420181274414,95.95846043910223,157.14820259866664,
2036,prec,atlantic_coast,5454,176.16357421875,127.94035569505051,224.00777681633633,
2036,prec,mountains,3259,310.32196044921875,270.05345202145463,327.21607493866384,
2036,prec,plains,7231,263.3309326171875,236.20449444953707,311.9142149454864,
2036,prec,sahara,2301,68.34756469726562,42.85067360854017,84.87056523185205,
2036,vap,national,22087,1.0439696311950684,1.056564698809166,1.0462210126919453,
2036,vap,north,7085,1.1547465324401855,1.1731589861641811,1.1604519549245103,
2036,vap,center,7987,0.9339846968650818,0.9323233797134741,0.9379062600473477,
2036,vap,south,7015,1.0573114156723022,1.0802631862941279,1.0541730730846288,
2036,vap,atlantic_coast,5454,1.2568327188491821,1.2817683353152205,1.2443066295826908,
2036,vap,mountains,3259,0.7102367877960205,0.6889342589276609,0.6956276457874326,
2036,vap,plains,7231,1.3798372745513916,1.4048673421967404,1.3704708526290266,
2036,vap,sahara,2301,1.310929536819458,1.3683875129954393,1.3346462204793084,
2036,ws,national,22087,3.67523455619812,3.624196735641134,3.5474457147263374,
2036,ws,north,7085,3.308258056640625,3.2329146060052403,3.157574489215948,
2036,ws,center,7987,3.479994297027588,3.4058292634692826,3.314006579769048,
2036,ws,south,7015,4.2681660652160645,4.268007838806763,4.206991830712792,
2036,ws,atlantic_coast,5454,4.042962074279785,4.0317641456459254,3.937286393622579,
2036,ws,mountains,3259,3.3785126209259033,3.314564795064039,3.262702074016401,
2036,ws,plains,7231,3.7216060161590576,3.679336648707963,3.57501112993692,
2036,ws,sahara,2301,4.406904220581055,4.481460954129963,4.371616691422172,
2036,def,national,22087,1676.611572265625,1600.7987775866095,1420.1316367989505,
2036,def,north,7085,1278.5516357421875,1221.427720570558,1056.6874988640147,
2036,def,center,7987,1670.281005859375,1578.889996346207,1385.1397660928014,
2036,def,south,7015,2085.8515625,2008.8999001419647,1827.0427969698746,
2036,def,atlantic_coast,5454,1726.29150390625,1656.445599580538,1475.470547233838,
2036,def,mountains,3259,1408.0518798828125,1373.19831221208,1168.7065023617406,
2036,def,plains,7231,1555.48095703125,1476.882118796405,1331.7113640396972,
2036,def,sahara,2301,2048.609130859375,1971.4258152954685,1834.0348083573142,
2037,tmax,national,22087,26.698881149291992,26.365057873005536,24.61923431394051,
2037,tmax,north,7085,24.576826095581055,24.41751822960907,22.836902983677632,
2037,tmax,center,7987,26.300670623779297,25.99262968589187,24.03941121135507,
2037,tmax,south,7015,29.295503616333008,28.756063190744786,27.07951437028583,
2037,tmax,atlantic_coast,5454,26.84320068359375,26.36712809674767,24.909317846592824,
2037,tmax,mountains,3259,22.619850158691406,22.50799069086857,20.321326739606995,
2037,tmax,plains,7231,27.229248046875,26.83108145134559,25.542731345787445,
2037,tmax,sahara,2301,29.457155227661133,28.833557867958948,27.556639705804148,
2037,tmin,national,22087,12.721181869506836,12.400007170128863,10.705519925354935,
2037,tmin,north,7085,11.805621147155762,11.551543168928468,10.056967046484765,
2037,tmin,center,7987,11.552213668823242,11.291700054547773,9.402533875985933,
2037,tmin,south,7015,14.97681999206543,14.518812071148242,12.844072558727042,
2037,tmin,atlantic_coast,5454,14.798523902893066,14.294876852385492,12.85043513264266,
2037,tmin,mountains,3259,6.713964939117432,6.740866319762105,4.613674733330604,
2037,tmin,plains,7231,15.17182731628418,14.774626609399068,13.52572525470294,
2037,tmin,sahara,2301,17.00753402709961,16.614417643507686,15.297314520406413,
2037,prec,national,22087,248.9405517578125,228.06547288103928,291.5644554040341,
2037,prec,north,7085,379.5177001953125,361.1223852538482,430.8982108033416,
2037,prec,center,7987,245.97055053710938,226.06503067731288,286.0242471187655,
2037,prec,south,7015,120.44189453125,95.95846043910223,157.14820259866664,
2037,prec,atlantic_coast,5454,169.54342651367188,127.94035569505051,224.00777681633633,
2037,prec,mountains,3259,298.7426452636719,270.05345202145463,327.21607493866384,
2037,prec,plains,7231,259.9968566894531,236.20449444953707,311.9142149454864,
2037,prec,sahara,2301,66.7541275024414,42.85067360854017,84.87056523185205,
2037,vap,national,22087,1.0428571701049805,1.056564698809166,1.0462210126919453,
2037,vap,north,7085,1.152923345565796,1.1731589861641811,1.1604519549245103,
2037,vap,center,7987,0.9322790503501892,0.9323233797134741,0.9379062600473477,
2037,vap,south,7015,1.057592511177063,1.0802631862941279,1.0541730730846288,
2037,vap,atlantic_coast,5454,1.2573236227035522,1.2817683353152205,1.2443066295826908,
2037,vap,mountains,3259,0.7075003385543823,0.6889342589276609,0.6956276457874326,
2037,vap,plains,7231,1.3809423446655273,1.4048673421967404,1.3704708526290266,
2037,vap,sahara,2301,1.3101341724395752,1.3683875129954393,1.3346462204793084,
2037,ws,national,22087,3.685375690460205,3.624196735641134,3.5474457147263374,
2037,ws,north,7085,3.31937313079834,3.2329146060052403,3.157574489215948,
2037,ws,center,7987,3.4914050102233887,3.4058292634692826,3.314006579769048,
2037,ws,south,7015,4.275876522064209,4.268007838806763,4.206991830712792,
2037,ws,atlantic_coast,5454,4.053323268890381,4.0317641456459254,3.937286393622579,
2037,ws,mountains,3259,3.3906404972076416,3.314564795064039,3.262702074016401,
2037,ws,plains,7231,3.7309226989746094,3.679336648707963,3.57501112993692,
2037,ws,sahara,2301,4.410272121429443,4.481460954129963,4.371616691422172,
2037,def,national,22087,1688.622314453125,1600.7987775866095,1420.1316367989505,
2037,def,north,7085,1285.28662109375,1221.427720570558,1056.6874988640147,
2037,def,center,7987,1686.658447265625,1578.889996346207,1385.1397660928014,
2037,def,south,7015,2098.218505859375,2008.8999001419647,1827.0427969698746,
2037,def,atlantic_coast,5454,1740.7425537109375,1656.445599580538,1475.470547233838,
2037,def,mountains,3259,1423.053955078125,1373.19831221208,1168.7065023617406,
2037,def,plains,7231,1564.2198486328125,1476.882118796405,1331.7113640396972,
2037,def,sahara,2301,2058.741943359375,1971.4258152954685,1834.0348083573142,
2038,tmax,national,22087,26.742183685302734,26.365057873005536,24.61923431394051,
2038,tmax,north,7085,24.61271095275879,24.41751822960907,22.836902983677632,
2038,tmax,center,7987,26.33533477783203,25.99262968589187,24.03941121135507,
2038,tmax,south,7015,29.356124877929688,28.756063190744786,27.07951437028583,
2038,tmax,atlantic_coast,5454,26.89307403564453,26.36712809674767,24.909317846592824,
2038,tmax,mountains,3259,22.643611907958984,22.50799069086857,20.321326739606995,
2038,tmax,plains,7231,27.277341842651367,26.83108145134559,25.542731345787445,
2038,tmax,sahara,2301,29.52625274658203,28.833557867958948,27.556639705804148,
2038,tmin,national,22087,12.74876594543457,12.400007170128863,10.705519925354935,
2038,tmin,north,7085,11.83365535736084,11.551543168928468,10.056967046484765,
2038,tmin,center,7987,11.582021713256836,11.291700054547773,9.402533875985933,
2038,tmin,south,7015,15.001416206359863,14.518812071148242,12.844072558727042,
2038,tmin,atlantic_coast,5454,14.832124710083008,14.294876852385492,12.85043513264266,
2038,tmin,mountains,3259,6.742050647735596,6.740866319762105,4.613674733330604,
2038,tmin,plains,7231,15.197928428649902,14.774626609399068,13.52572525470294,
2038,tmin,sahara,2301,17.027008056640625,16.614417643507686,15.297314520406413,
2038,prec,national,22087,250.87689208984375,228.06547288103928,291.5644554040341,
2038,prec,north,7085,384.2076721191406,361.1223852538482,430.8982108033416,
2038,prec,center,7987,247.37435913085938,226.06503067731288,286.0242471187655,
2038,prec,south,7015,120.20352172851562,95.95846043910223,157.14820259866664,
2038,prec,atlantic_coast,5454,171.113037109375,127.94035569505051,224.00777681633633,
2038,prec,mountains,3259,300.2485656738281,270.05345202145463,327.21607493866384,
2038,prec,plains,7231,263.6113586425781,236.20449444953707,311.9142149454864,
2038,prec,sahara,2301,65.74397277832031,42.85067360854017,84.87056523185205,
2038,vap,national,22087,1.0426324605941772,1.056564698809166,1.0462210126919453,
2038,vap,north,7085,1.1533534526824951,1.1731589861641811,1.1604519549245103,
2038,vap,center,7987,0.9315924644470215,0.9323233797134741,0.9379062600473477,
2038,vap,south,7015,1.057232141494751,1.0802631862941279,1.0541730730846288,
2038,vap,atlantic_coast,5454,1.2572885751724243,1.2817683353152205,1.2443066295826908,
2038,vap,mountains,3259,0.7081615924835205,0.6889342589276609,0.6956276457874326,
2038,vap,plains,7231,1.3805114030838013,1.4048673421967404,1.3704708526290266,
2038,vap,sahara,2301,1.308254599571228,1.3683875129954393,1.3346462204793084,
2038,ws,national,22087,3.6981334686279297,3.624196735641134,3.5474457147263374,
2038,ws,north,7085,3.333284616470337,3.2329146060052403,3.157574489215948,
2038,ws,center,7987,3.50832200050354,3.4058292634692826,3.314006579769048,
2038,ws,south,7015,4.282733917236328,4.268007838806763,4.206991830712792,
2038,ws,atlantic_coast,5454,4.064062118530273,4.0317641456459254,3.937286393622579,
2038,ws,mountains,3259,3.4021544456481934,3.314564795064039,3.262702074016401,
2038,ws,plains,7231,3.742793560028076,3.679336648707963,3.57501112993692,
2038,ws,sahara,2301,4.413959503173828,4.481460954129963,4.371616691422172,
2038,def,national,22087,1693.4522705078125,1600.7987775866095,1420.1316367989505,
2038,def,north,7085,1289.10009765625,1221.427720570558,1056.6874988640147,
2038,def,center,7987,1691.611328125,1578.889996346207,1385.1397660928014,
2038,def,south,7015,2103.935302734375,2008.8999001419647,1827.0427969698746,
2038,def,atlantic_coast,5454,1745.5302734375,1656.445599580538,1475.470547233838,
2038,def,mountains,3259,1425.3857421875,1373.19831221208,1168.7065023617406,
2038,def,plains,7231,1568.8809814453125,1476.882118796405,1331.7113640396972,
2038,def,sahara,2301,2064.9677734375,1971.4258152954685,1834.0348083573142,
2039,tmax,national,22087,26.81838607788086,26.365057873005536,24.61923431394051,
2039,tmax,north,7085,24.689353942871094,24.41751822960907,22.836902983677632,
2039,tmax,center,7987,26.417407989501953,25.99262968589187,24.03941121135507,
2039,tmax,south,7015,29.425195693969727,28.756063190744786,27.07951437028583,
2039,tmax,atlantic_coast,5454,26.95950698852539,26.36712809674767,24.909317846592824,
2039,tmax,mountains,3259,22.72943687438965,22.50799069086857,20.321326739606995,
2039,tmax,plains,7231,27.331863403320312,26.83108145134559,25.542731345787445,
2039,tmax,sahara,2301,29.58561897277832,28.833557867958948,27.556639705804148,
2039,tmin,national,22087,12.816437721252441,12.400007170128863,10.705519925354935,
2039,tmin,north,7085,11.903897285461426,11.551543168928468,10.056967046484765,
2039,tmin,center,7987,11.663586616516113,11.291700054547773,9.402533875985933,
2039,tmin,south,7015,15.05067253112793,14.518812071148242,12.844072558727042,
2039,tmin,atlantic_coast,5454,14.890316009521484,14.294876852385492,12.85043513264266,
2039,tmin,mountains,3259,6.833856582641602,6.740866319762105,4.613674733330604,
2039,tmin,plains,7231,15.23395824432373,14.774626609399068,13.52572525470294,
2039,tmin,sahara,2301,17.03944206237793,16.614417643507686,15.297314520406413,
2039,prec,national,22087,253.6880340576172,228.06547288103928,291.5644554040341,
2039,prec,north,7085,389.4789123535156,361.1223852538482,430.8982108033416,
2039,prec,center,7987,250.02818298339844,226.06503067731288,286.0242471187655,
2039,prec,south,7015,120.70915222167969,95.95846043910223,157.14820259866664,
2039,prec,atlantic_coast,5454,173.9268341064453,127.94035569505051,224.00777681633633,
2039,prec,mountains,3259,300.3998107910156,270.05345202145463,327.21607493866384,
2039,prec,plains,7231,268.6534423828125,236.20449444953707,311.9142149454864,
2039,prec,sahara,2301,66.82215881347656,42.85067360854017,84.87056523185205,
2039,vap,national,22087,1.0413457155227661,1.056564698809166,1.0462210126919453,
2039,vap,north,7085,1.1526970863342285,1.1731589861641811,1.1604519549245103,
2039,vap,center,7987,0.930648684501648,0.9323233797134741,0.9379062600473477,
2039,vap,south,7015,1.054918646812439,1.0802631862941279,1.0541730730846288,
2039,vap,atlantic_coast,5454,1.2545957565307617,1.2817683353152205,1.2443066295826908,
2039,vap,mountains,3259,0.7081453800201416,0.6889342589276609,0.6956276457874326,
2039,vap,plains,7231,1.378584384918213,1.4048673421967404,1.3704708526290266,
2039,vap,sahara,2301,1.3038005828857422,1.3683875129954393,1.3346462204793084,
2039,ws,national,22087,3.7113075256347656,3.624196735641134,3.5474457147263374,
2039,ws,north,7085,3.347550392150879,3.2329146060052403,3.157574489215948,
2039,ws,center,7987,3.5253684520721436,3.4058292634692826,3.314006579769048,
2039,ws,south,7015,4.290397644042969,4.268007838806763,4.206991830712792,
2039,ws,atlantic_coast,5454,4.074175834655762,4.0317641456459254,3.937286393622579,
2039,ws,mountains,3259,3.4165077209472656,3.314564795064039,3.262702074016401,
2039,ws,plains,7231,3.7530274391174316,3.679336648707963,3.57501112993692,
2039,ws,sahara,2301,4.417439937591553,4.481460954129963,4.371616691422172,
2039,def,national,22087,1703.547607421875,1600.7987775866095,1420.1316367989505,
2039,def,north,7085,1297.5054931640625,1221.427720570558,1056.6874988640147,
2039,def,center,7987,1703.9456787109375,1578.889996346207,1385.1397660928014,
2039,def,south,7015,2113.18798828125,2008.8999001419647,1827.0427969698746,
2039,def,atlantic_coast,5454,1753.29296875,1656.445599580538,1475.470547233838,
2039,def,mountains,3259,1435.9658203125,1373.19831221208,1168.7065023617406,
2039,def,plains,7231,1574.839111328125,1476.882118796405,1331.7113640396972,
2039,def,sahara,2301,2071.052978515625,1971.4258152954685,1834.0348083573142,
2040,tmax,national,22087,26.87373161315918,26.365057873005536,24.61923431394051,
2040,tmax,north,7085,24.744548797607422,24.41751822960907,22.836902983677632,
2040,tmax,center,7987,26.474916458129883,25.99262968589187,24.03941121135507,
2040,tmax,south,7015,29.47823143005371,28.756063190744786,27.07951437028583,
2040,tmax,atlantic_coast,5454,27.019790649414062,26.36712809674767,24.909317846592824,
2040,tmax,mountains,3259,22.790786743164062,22.50799069086857,20.321326739606995,
2040,tmax,plains,7231,27.374624252319336,26.83108145134559,25.542731345787445,
2040,tmax,sahara,2301,29.634904861450195,28.833557867958948,27.556639705804148,
2040,tmin,national,22087,12.859838485717773,12.400007170128863,10.705519925354935,
2040,tmin,north,7085,11.961986541748047,11.551543168928468,10.056967046484765,
2040,tmin,center,7987,11.714563369750977,11.291700054547773,9.402533875985933,
2040,tmin,south,7015,15.070615768432617,14.518812071148242,12.844072558727042,
2040,tmin,atlantic_coast,5454,14.927790641784668,14.294876852385492,12.85043513264266,
2040,tmin,mountains,3259,6.884627819061279,6.740866319762105,4.613674733330604,
2040,tmin,plains,7231,15.261343955993652,14.774626609399068,13.52572525470294,
2040,tmin,sahara,2301,17.038427352905273,16.614417643507686,15.297314520406413,
2040,prec,national,22087,254.0705108642578,228.06547288103928,291.5644554040341,
2040,prec,north,7085,390.3674011230469,361.1223852538482,430.8982108033416,
2040,prec,center,7987,250.50184631347656,226.06503067731288,286.0242471187655,
2040,prec,south,7015,120.47673034667969,95.95846043910223,157.14820259866664,
2040,prec,atlantic_coast,5454,173.73060607910156,127.94035569505051,224.00777681633633,
2040,prec,mountains,3259,296.234619140625,270.05345202145463,327.21607493866384,
2040,prec,plains,7231,268.8096923828125,236.20449444953707,311.9142149454864,
2040,prec,sahara,2301,65.52787780761719,42.85067360854017,84.87056523185205,
2040,vap,national,22087,1.0394552946090698,1.056564698809166,1.0462210126919453,
2040,vap,north,7085,1.15204918384552,1.1731589861641811,1.1604519549245103,
2040,vap,center,7987,0.9296508431434631,0.9323233797134741,0.9379062600473477,
2040,vap,south,7015,1.0507570505142212,1.0802631862941279,1.0541730730846288,
2040,vap,atlantic_coast,5454,1.2513062953948975,1.2817683353152205,1.2443066295826908,
2040,vap,mountains,3259,0.7090042233467102,0.6889342589276609,0.6956276457874326,
2040,vap,plains,7231,1.376362919807434,1.4048673421967404,1.3704708526290266,
2040,vap,sahara,2301,1.297355055809021,1.3683875129954393,1.3346462204793084,
2040,ws,national,22087,3.724886655807495,3.624196735641134,3.5474457147263374,
2040,ws,north,7085,3.36250376701355,3.2329146060052403,3.157574489215948,
2040,ws,center,7987,3.5412731170654297,3.4058292634692826,3.314006579769048,
2040,ws,south,7015,4.299940586090088,4.268007838806763,4.206991830712792,
2040,ws,atlantic_coast,5454,4.084222793579102,4.0317641456459254,3.937286393622579,
2040,ws,mountains,3259,3.4306142330169678,3.314564795064039,3.262702074016401,
2040,ws,plains,7231,3.764375925064087,3.679336648707963,3.57501112993692,
2040,ws,sahara,2301,4.42335844039917,4.481460954129963,4.371616691422172,
2040,def,national,22087,1711.3817138671875,1600.7987775866095,1420.1316367989505,
2040,def,north,7085,1306.94140625,1221.427720570558,1056.6874988640147,
2040,def,center,7987,1713.2930908203125,1578.889996346207,1385.1397660928014,
2040,def,south,7015,2117.681396484375,2008.8999001419647,1827.0427969698746,
2040,def,atlantic_coast,5454,1759.62158203125,1656.445599580538,1475.470547233838,
2040,def,mountains,3259,1446.9140625,1373.19831221208,1168.7065023617406,
2040,def,plains,7231,1581.0313720703125,1476.882118796405,1331.7113640396972,
2040,def,sahara,2301,2073.3193359375,1971.4258152954685,1834.0348083573142,
2041,tmax,national,22087,26.937435150146484,26.365057873005536,24.61923431394051,
2041,tmax,north,7085,24.797203063964844,24.41751822960907,22.836902983677632,
2041,tmax,center,7987,26.543527603149414,25.99262968589187,24.03941121135507,
2041,tmax,south,7015,29.547513961791992,28.756063190744786,27.07951437028583,
2041,tmax,atlantic_coast,5454,27.08861541748047,26.36712809674767,24.909317846592824,
2041,tmax,mountains,3259,22.843284606933594,22.50799069086857,20.321326739606995,
2041,tmax,plains,7231,27.429224014282227,26.83108145134559,25.542731345787445,
2041,tmax,sahara,2301,29.69011688232422,28.833557867958948,27.556639705804148,
2041,tmin,national,22087,12.911478042602539,12.400007170128863,10.705519925354935,
2041,tmin,north,7085,12.015748023986816,11.551543168928468,10.056967046484765,
2041,tmin,center,7987,11.77286148071289,11.291700054547773,9.402533875985933,
2041,tmin,south,7015,15.112528800964355,14.518812071148242,12.844072558727042,
2041,tmin,atlantic_coast,5454,14.984665870666504,14.294876852385492,12.85043513264266,
2041,tmin,mountains,3259,6.9215779304504395,6.740866319762105,4.613674733330604,
2041,tmin,plains,7231,15.305529594421387,14.774626609399068,13.52572525470294,
2041,tmin,sahara,2301,17.044212341308594,16.614417643507686,15.297314520406413,
2041,prec,national,22087,253.17672729492188,228.06547288103928,291.5644554040341,
2041,prec,north,7085,392.7801818847656,361.1223852538482,430.8982108033416,
2041,prec,center,7987,247.83663940429688,226.06503067731288,286.0242471187655,
2041,prec,south,7015,118.26031494140625,95.95846043910223,157.14820259866664,
2041,prec,atlantic_coast,5454,173.0852813720703,127.94035569505051,224.00777681633633,
2041,prec,mountains,3259,292.5169677734375,270.05345202145463,327.21607493866384,
2041,prec,plains,7231,270.2936706542969,236.20449444953707,311.9142149454864,
2041,prec,sahara,2301,63.586483001708984,42.85067360854017,84.87056523185205,
2041,vap,national,22087,1.040278673171997,1.056564698809166,1.0462210126919453,
2041,vap,north,7085,1.153330683708191,1.1731589861641811,1.1604519549245103,
2041,vap,center,7987,0.9311337471008301,0.9323233797134741,0.9379062600473477,
2041,vap,south,7015,1.0503665208816528,1.0802631862941279,1.0541730730846288,
2041,vap,atlantic_coast,5454,1.2508845329284668,1.2817683353152205,1.2443066295826908,
2041,vap,mountains,3259,0.7112425565719604,0.6889342589276609,0.6956276457874326,
2041,vap,plains,7231,1.3763549327850342,1.4048673421967404,1.3704708526290266,
2041,vap,sahara,2301,1.295528769493103,1.3683875129954393,1.3346462204793084,
2041,ws,national,22087,3.7412514686584473,3.624196735641134,3.5474457147263374,
2041,ws,north,7085,3.3825714588165283,3.2329146060052403,3.157574489215948,
2041,ws,center,7987,3.5585434436798096,3.4058292634692826,3.314006579769048,
2041,ws,south,7015,4.311534881591797,4.268007838806763,4.206991830712792,
2041,ws,atlantic_coast,5454,4.096996784210205,4.0317641456459254,3.937286393622579,
2041,ws,mountains,3259,3.446657419204712,3.314564795064039,3.262702074016401,
2041,ws,plains,7231,3.7812960147857666,3.679336648707963,3.57501112993692,
2041,ws,sahara,2301,4.430785655975342,4.481460954129963,4.371616691422172,
2041,def,national,22087,1726.6644287109375,1600.7987775866095,1420.1316367989505,
2041,def,north,7085,1325.9571533203125,1221.427720570558,1056.6874988640147,
2041,def,center,7987,1728.466064453125,1578.889996346207,1385.1397660928014,
2041,def,south,7015,2129.31884765625,2008.8999001419647,1827.0427969698746,
2041,def,atlantic_coast,5454,1772.7169189453125,1656.445599580538,1475.470547233838,
2041,def,mountains,3259,1460.4398193359375,1373.19831221208,1168.7065023617406,
2041,def,plains,7231,1596.5595703125,1476.882118796405,1331.7113640396972,
2041,def,sahara,2301,2081.606689453125,1971.4258152954685,1834.0348083573142,
2042,tmax,national,22087,26.986417770385742,26.365057873005536,24.61923431394051,
2042,tmax,north,7085,24.831130981445312,24.41751822960907,22.836902983677632,
2042,tmax,center,7987,26.592876434326172,25.99262968589187,24.03941121135507,
2042,tmax,south,7015,29.611284255981445,28.756063190744786,27.07951437028583,
2042,tmax,atlantic_coast,5454,27.147274017333984,26.36712809674767,24.909317846592824,
2042,tmax,mountains,3259,22.884639739990234,22.50799069086857,20.321326739606995,
2042,tmax,plains,7231,27.474538803100586,26.83108145134559,25.542731345787445,
2042,tmax,sahara,2301,29.754940032958984,28.833557867958948,27.556639705804148,
2042,tmin,national,22087,12.947304725646973,12.400007170128863,10.705519925354935,
2042,tmin,north,7085,12.048192024230957,11.551543168928468,10.056967046484765,
2042,tmin,center,7987,11.808765411376953,11.291700054547773,9.402533875985933,
2042,tmin,south,7015,15.151684761047363,14.518812071148242,12.844072558727042,
2042,tmin,atlantic_coast,5454,15.031370162963867,14.294876852385492,12.85043513264266,
2042,tmin,mountains,3259,6.941921710968018,6.740866319762105,4.613674733330604,
2042,tmin,plains,7231,15.337761878967285,14.774626609399068,13.52572525470294,
2042,tmin,sahara,2301,17.06886863708496,16.614417643507686,15.297314520406413,
2042,prec,national,22087,253.1932830810547,228.06547288103928,291.5644554040341,
2042,prec,north,7085,392.6268310546875,361.1223852538482,430.8982108033416,
2042,prec,center,7987,248.25692749023438,226.06503067731288,286.0242471187655,
2042,prec,south,7015,117.98875427246094,95.95846043910223,157.14820259866664,
2042,prec,atlantic_coast,5454,173.20213317871094,127.94035569505051,224.00777681633633,
2042,prec,mountains,3259,291.54571533203125,270.05345202145463,327.21607493866384,
2042,prec,plains,7231,270.4115295410156,236.20449444953707,311.9142149454864,
2042,prec,sahara,2301,62.956783294677734,42.85067360854017,84.87056523185205,
2042,vap,national,22087,1.039422631263733,1.056564698809166,1.0462210126919453,
2042,vap,north,7085,1.152295470237732,1.1731589861641811,1.1604519549245103,
2042,vap,center,7987,0.9304395914077759,0.9323233797134741,0.9379062600473477,
2042,vap,south,7015,1.0495073795318604,1.0802631862941279,1.0541730730846288,
2042,vap,atlantic_coast,5454,1.2502175569534302,1.2817683353152205,1.2443066295826908,
2042,vap,mountains,3259,0.7109451293945312,0.6889342589276609,0.6956276457874326,
2042,vap,plains,7231,1.3760801553726196,1.4048673421967404,1.3704708526290266,
2042,vap,sahara,2301,1.293020486831665,1.3683875129954393,1.3346462204793084,
2042,ws,national,22087,3.7519185543060303,3.624196735641134,3.5474457147263374,
2042,ws,north,7085,3.3948590755462646,3.2329146060052403,3.157574489215948,
2042,ws,center,7987,3.5701236724853516,3.4058292634692826,3.314006579769048,
2042,ws,south,7015,4.319526195526123,4.268007838806763,4.206991830712792,
2042,ws,atlantic_coast,5454,4.107107639312744,4.0317641456459254,3.937286393622579,
2042,ws,mountains,3259,3.457318067550659,3.314564795064039,3.262702074016401,
2042,ws,plains,7231,3.7912983894348145,3.679336648707963,3.57501112993692,
2042,ws,sahara,2301,4.4367547035217285,4.481460954129963,4.371616691422172,
2042,def,national,22087,1736.176025390625,1600.7987775866095,1420.1316367989505,
2042,def,north,7085,1334.482666015625,1221.427720570558,1056.6874988640147,
2042,def,center,7987,1738.9644775390625,1578.889996346207,1385.1397660928014,
2042,def,south,7015,2138.702880859375,2008.8999001419647,1827.0427969698746,
2042,def,atlantic_coast,5454,1782.920654296875,1656.445599580538,1475.470547233838,
2042,def,mountains,3259,1469.5584716796875,1373.19831221208,1168.7065023617406,
2042,def,plains,7231,1605.78369140625,1476.882118796405,1331.7113640396972,
2042,def,sahara,2301,2090.665283203125,1971.4258152954685,1834.0348083573142,
2043,tmax,national,22087,27.032920837402344,26.365057873005536,24.61923431394051,
2043,tmax,north,7085,24.855403900146484,24.41751822960907,22.836902983677632,
2043,tmax,center,7987,26.642457962036133,25.99262968589187,24.03941121135507,
2043,tmax,south,7015,29.676729202270508,28.756063190744786,27.07951437028583,
2043,tmax,atlantic_coast,5454,27.191904067993164,26.36712809674767,24.909317846592824,
2043,tmax,mountains,3259,22.92341423034668,22.50799069086857,20.321326739606995,
2043,tmax,plains,7231,27.51258659362793,26.83108145134559,25.542731345787445,
2043,tmax,sahara,2301,29.8155460357666,28.833557867958948,27.556639705804148,
2043,tmin,national,22087,12.98239517211914,12.400007170128863,10.705519925354935,
2043,tmin,north,7085,12.08079719543457,11.551543168928468,10.056967046484765,
2043,tmin,center,7987,11.845264434814453,11.291700054547773,9.402533875985933,
2043,tmin,south,7015,15.187679290771484,14.518812071148242,12.844072558727042,
2043,tmin,atlantic_coast,5454,15.064559936523438,14.294876852385492,12.85043513264266,
2043,tmin,mountains,3259,6.974593162536621,6.740866319762105,4.613674733330604,
2043,tmin,plains,7231,15.36290168762207,14.774626609399068,13.52572525470294,
2043,tmin,sahara,2301,17.08003044128418,16.614417643507686,15.297314520406413,
2043,prec,national,22087,255.7060546875,228.06547288103928,291.5644554040341,
2043,prec,north,7085,396.8280029296875,361.1223852538482,430.8982108033416,
2043,prec,center,7987,250.54159545898438,226.06503067731288,286.0242471187655,
2043,prec,south,7015,119.055908203125,95.95846043910223,157.14820259866664,
2043,prec,atlantic_coast,5454,174.8784942626953,127.94035569505051,224.00777681633633,
2043,prec,mountains,3259,292.5602111816406,270.05345202145463,327.21607493866384,
2043,prec,plains,7231,272.7505798339844,236.20449444953707,311.9142149454864,
2043,prec,sahara,2301,63.4594612121582,42.85067360854017,84.87056523185205,
2043,vap,national,22087,1.0383358001708984,1.056564698809166,1.0462210126919453,
2043,vap,north,7085,1.150748610496521,1.1731589861641811,1.1604519549245103,
2043,vap,center,7987,0.9293034672737122,0.9323233797134741,0.9379062600473477,
2043,vap,south,7015,1.0489413738250732,1.0802631862941279,1.0541730730846288,
2043,vap,atlantic_coast,5454,1.2494196891784668,1.2817683353152205,1.2443066295826908,
2043,vap,mountains,3259,0.7100980281829834,0.6889342589276609,0.6956276457874326,
2043,vap,plains,7231,1.3755677938461304,1.4048673421967404,1.3704708526290266,
2043,vap,sahara,2301,1.2919282913208008,1.3683875129954393,1.3346462204793084,
2043,ws,national,22087,3.7612626552581787,3.624196735641134,3.5474457147263374,
2043,ws,north,7085,3.4053709506988525,3.2329146060052403,3.157574489215948,
2043,ws,center,7987,3.5809640884399414,3.4058292634692826,3.314006579769048,
2043,ws,south,7015,4.325986385345459,4.268007838806763,4.206991830712792,
2043,ws,atlantic_coast,5454,4.115629196166992,4.0317641456459254,3.937286393622579,
2043,ws,mountains,3259,3.467336654663086,3.314564795064039,3.262702074016401,
2043,ws,plains,7231,3.8010172843933105,3.679336648707963,3.57501112993692,
2043,ws,sahara,2301,4.441247463226318,4.481460954129963,4.371616691422172,
2043,def,national,22087,1742.8031005859375,1600.7987775866095,1420.1316367989505,
2043,def,north,7085,1337.66357421875,1221.427720570558,1056.6874988640147,
2043,def,center,7987,1747.6165771484375,1578.889996346207,1385.1397660928014,
2043,def,south,7015,2146.5048828125,2008.8999001419647,1827.0427969698746,
2043,def,atlantic_coast,5454,1789.1785888671875,1656.445599580538,1475.470547233838,
2043,def,mountains,3259,1477.1683349609375,1373.19831221208,1168.7065023617406,
2043,def,plains,7231,1610.4580078125,1476.882118796405,1331.7113640396972,
2043,def,sahara,2301,2096.79931640625,1971.4258152954685,1834.0348083573142,
2044,tmax,national,22087,27.07744026184082,26.365057873005536,24.61923431394051,
2044,tmax,north,7085,24.87240219116211,24.41751822960907,22.836902983677632,
2044,tmax,center,7987,26.698490142822266,25.99262968589187,24.03941121135507,
2044,tmax,south,7015,29.735937118530273,28.756063190744786,27.07951437028583,
2044,tmax,atlantic_coast,5454,27.236230850219727,26.36712809674767,24.909317846592824,
2044,tmax,mountains,3259,22.96790313720703,22.50799069086857,20.321326739606995,
2044,tmax,plains,7231,27.545438766479492,26.83108145134559,25.542731345787445,
2044,tmax,sahara,2301,29.871797561645508,28.833557867958948,27.556639705804148,
2044,tmin,national,22087,13.01249885559082,12.400007170128863,10.705519925354935,
2044,tmin,north,7085,12.105164527893066,11.551543168928468,10.056967046484765,
2044,tmin,center,7987,11.883877754211426,11.291700054547773,9.402533875985933,
2044,tmin,south,7015,15.213887214660645,14.518812071148242,12.844072558727042,
2044,tmin,atlantic_coast,5454,15.09370231628418,14.294876852385492,12.85043513264266,
2044,tmin,mountains,3259,7.013524532318115,6.740866319762105,4.613674733330604,
2044,tmin,plains,7231,15.384064674377441,14.774626609399068,13.52572525470294,
2044,tmin,sahara,2301,17.090808868408203,16.614417643507686,15.297314520406413,
2044,prec,national,22087,258.2290954589844,228.06547288103928,291.5644554040341,
2044,prec,north,7085,401.0760803222656,361.1223852538482,430.8982108033416,
2044,prec,center,7987,252.8587646484375,226.06503067731288,286.0242471187655,
2044,prec,south,7015,120.07108306884766,95.95846043910223,157.14820259866664,
2044,prec,atlantic_coast,5454,176.50729370117188,127.94035569505051,224.00777681633633,
2044,prec,mountains,3259,294.0655212402344,270.05345202145463,327.21607493866384,
2044,prec,plains,7231,275.417724609375,236.20449444953707,311.9142149454864,
2044,prec,sahara,2301,63.12514877319336,42.85067360854017,84.87056523185205,
2044,vap,national,22087,1.0374152660369873,1.056564698809166,1.0462210126919453,
2044,vap,north,7085,1.149543285369873,1.1731589861641811,1.1604519549245103,
2044,vap,center,7987,0.9285627007484436,0.9323233797134741,0.9379062600473477,
2044,vap,south,7015,1.0481034517288208,1.0802631862941279,1.0541730730846288,
2044,vap,atlantic_coast,5454,1.2487802505493164,1.2817683353152205,1.2443066295826908,
2044,vap,mountains,3259,0.709822952747345,0.6889342589276609,0.6956276457874326,
2044,vap,plains,7231,1.3751420974731445,1.4048673421967404,1.3704708526290266,
2044,vap,sahara,2301,1.2906277179718018,1.3683875129954393,1.3346462204793084,
2044,ws,national,22087,3.771123170852661,3.624196735641134,3.5474457147263374,
2044,ws,north,7085,3.4168732166290283,3.2329146060052403,3.157574489215948,
2044,ws,center,7987,3.592606782913208,3.4058292634692826,3.314006579769048,
2044,ws,south,7015,4.332159042358398,4.268007838806763,4.206991830712792,
2044,ws,atlantic_coast,5454,4.123991012573242,4.0317641456459254,3.937286393622579,
2044,ws,mountains,3259,3.4782938957214355,3.314564795064039,3.262702074016401,
2044,ws,plains,7231,3.811166524887085,3.679336648707963,3.57501112993692,
2044,ws,sahara,2301,4.444954872131348,4.481460954129963,4.371616691422172,
2044,def,national,22087,1751.1094970703125,1600.7987775866095,1420.1316367989505,
2044,def,north,7085,1344.518798828125,1221.427720570558,1056.6874988640147,
2044,def,center,7987,1758.4375,1578.889996346207,1385.1397660928014,
2044,def,south,7015,2153.4140625,2008.8999001419647,1827.0427969698746,
2044,def,atlantic_coast,5454,1796.66259765625,1656.445599580538,1475.470547233838,
2044,def,mountains,3259,1486.18408203125,1373.19831221208,1168.7065023617406,
2044,def,plains,7231,1616.2967529296875,1476.882118796405,1331.7113640396972,
2044,def,sahara,2301,2102.1748046875,1971.4258152954685,1834.0348083573142,
2045,tmax,national,22087,27.127286911010742,26.365057873005536,24.61923431394051,
2045,tmax,north,7085,24.896753311157227,24.41751822960907,22.836902983677632,
2045,tmax,center,7987,26.76102066040039,25.99262968589187,24.03941121135507,
2045,tmax,south,7015,29.797096252441406,28.756063190744786,27.07951437028583,
2045,tmax,atlantic_coast,5454,27.289443969726562,26.36712809674767,24.909317846592824,
2045,tmax,mountains,3259,23.012075424194336,22.50799069086857,20.321326739606995,
2045,tmax,plains,7231,27.587310791015625,26.83108145134559,25.542731345787445,
2045,tmax,sahara,2301,29.941370010375977,28.833557867958948,27.556639705804148,
2045,tmin,national,22087,13.042830467224121,12.400007170128863,10.705519925354935,
2045,tmin,north,7085,12.129684448242188,11.551543168928468,10.056967046484765,
2045,tmin,center,7987,11.923450469970703,11.291700054547773,9.402533875985933,
2045,tmin,south,7015,15.239566802978516,14.518812071148242,12.844072558727042,
2045,tmin,atlantic_coast,5454,15.132978439331055,14.294876852385492,12.85043513264266,
2045,tmin,mountains,3259,7.020623683929443,6.740866319762105,4.613674733330604,
2045,tmin,plains,7231,15.415044784545898,14.774626609399068,13.52572525470294,
2045,tmin,sahara,2301,17.09616470336914,16.614417643507686,15.297314520406413,
2045,prec,national,22087,262.5243835449219,228.06547288103928,291.5644554040341,
2045,prec,north,7085,409.15130615234375,361.1223852538482,430.8982108033416,
2045,prec,center,7987,256.39544677734375,226.06503067731288,286.0242471187655,
2045,prec,south,7015,121.41238403320312,95.95846043910223,157.14820259866664,
2045,prec,atlantic_coast,5454,179.1707000732422,127.94035569505051,224.00777681633633,
2045,prec,mountains,3259,299.9613342285156,270.05345202145463,327.21607493866384,
2045,prec,plains,7231,279.33642578125,236.20449444953707,311.9142149454864,
2045,prec,sahara,2301,63.42757797241211,42.85067360854017,84.87056523185205,
2045,vap,national,22087,1.036391019821167,1.056564698809166,1.0462210126919453,
2045,vap,north,7085,1.1481726169586182,1.1731589861641811,1.1604519549245103,
2045,vap,center,7987,0.9277766346931458,0.9323233797134741,0.9379062600473477,
2045,vap,south,7015,1.047158122062683,1.0802631862941279,1.0541730730846288,
2045,vap,atlantic_coast,5454,1.2481123208999634,1.2817683353152205,1.2443066295826908,
2045,vap,mountains,3259,0.7086790800094604,0.6889342589276609,0.6956276457874326,
2045,vap,plains,7231,1.374734878540039,1.4048673421967404,1.3704708526290266,
2045,vap,sahara,2301,1.2890429496765137,1.3683875129954393,1.3346462204793084,
2045,ws,national,22087,3.780508518218994,3.624196735641134,3.5474457147263374,
2045,ws,north,7085,3.4270687103271484,3.2329146060052403,3.157574489215948,
2045,ws,center,7987,3.604602336883545,3.4058292634692826,3.314006579769048,
2045,ws,south,7015,4.3377556800842285,4.268007838806763,4.206991830712792,
2045,ws,atlantic_coast,5454,4.130962371826172,4.0317641456459254,3.937286393622579,
2045,ws,mountains,3259,3.4895224571228027,3.314564795064039,3.262702074016401,
2045,ws,plains,7231,3.81903338432312,3.679336648707963,3.57501112993692,
2045,ws,sahara,2301,4.448544025421143,4.481460954129963,4.371616691422172,
2045,def,national,22087,1760.4107666015625,1600.7987775866095,1420.1316367989505,
2045,def,north,7085,1351.78662109375,1221.427720570558,1056.6874988640147,
2045,def,center,7987,1770.6783447265625,1578.889996346207,1385.1397660928014,
2045,def,south,7015,2161.421875,2008.8999001419647,1827.0427969698746,
2045,def,atlantic_coast,5454,1805.65234375,1656.445599580538,1475.470547233838,
2045,def,mountains,3259,1495.1226806640625,1373.19831221208,1168.7065023617406,
2045,def,plains,7231,1623.37890625,1476.882118796405,1331.7113640396972,
2045,def,sahara,2301,2107.97265625,1971.4258152954685,1834.0348083573142,
2046,tmax,national,22087,27.18347930908203,26.365057873005536,24.61923431394051,
2046,tmax,north,7085,24.941850662231445,24.41751822960907,22.836902983677632,
2046,tmax,center,7987,26.82450294494629,25.99262968589187,24.03941121135507,
2046,tmax,south,7015,29.85618782043457,28.756063190744786,27.07951437028583,
2046,tmax,atlantic_coast,5454,27.34541130065918,26.36712809674767,24.909317846592824,
2046,tmax,mountains,3259,23.0604248046875,22.50799069086857,20.321326739606995,
2046,tmax,plains,7231,27.637100219726562,26.83108145134559,25.542731345787445,
2046,tmax,sahara,2301,30.00725555419922,28.833557867958948,27.556639705804148,
2046,tmin,national,22087,13.072930335998535,12.400007170128863,10.705519925354935,
2046,tmin,north,7085,12.16413402557373,11.551543168928468,10.056967046484765,
2046,tmin,center,7987,11.957159996032715,11.291700054547773,9.402533875985933,
2046,tmin,south,7015,15.261165618896484,14.518812071148242,12.844072558727042,
2046,tmin,atlantic_coast,5454,15.163021087646484,14.294876852385492,12.85043513264266,
2046,tmin,mountains,3259,7.032099723815918,6.740866319762105,4.613674733330604,
2046,tmin,plains,7231,15.447803497314453,14.774626609399068,13.52572525470294,
2046,tmin,sahara,2301,17.101924896240234,16.614417643507686,15.297314520406413,
2046,prec,national,22087,270.0128173828125,228.06547288103928,291.5644554040341,
2046,prec,north,7085,425.3525085449219,361.1223852538482,430.8982108033416,
2046,prec,center,7987,261.5799560546875,226.06503067731288,286.0242471187655,
2046,prec,south,7015,122.72439575195312,95.95846043910223,157.14820259866664,
2046,prec,atlantic_coast,5454,181.72744750976562,127.94035569505051,224.00777681633633,
2046,prec,mountains,3259,309.6048889160156,270.05345202145463,327.21607493866384,
2046,prec,plains,7231,289.0351257324219,236.20449444953707,311.9142149454864,
2046,prec,sahara,2301,63.60956573486328,42.85067360854017,84.87056523185205,
2046,vap,national,22087,1.0352630615234375,1.056564698809166,1.0462210126919453,
2046,vap,north,7085,1.147071361541748,1.1731589861641811,1.1604519549245103,
2046,vap,center,7987,0.9269800782203674,0.9323233797134741,0.9379062600473477,
2046,vap,south,7015,1.0456254482269287,1.0802631862941279,1.0541730730846288,
2046,vap,atlantic_coast,5454,1.2470558881759644,1.2817683353152205,1.2443066295826908,
2046,vap,mountains,3259,0.7074081897735596,0.6889342589276609,0.6956276457874326,
2046,vap,plains,7231,1.3740284442901611,1.4048673421967404,1.3704708526290266,
2046,vap,sahara,2301,1.2865930795669556,1.3683875129954393,1.3346462204793084,
2046,ws,national,22087,3.7916910648345947,3.624196735641134,3.5474457147263374,
2046,ws,north,7085,3.440232515335083,3.2329146060052403,3.157574489215948,
2046,ws,center,7987,3.6172897815704346,3.4058292634692826,3.314006579769048,
2046,ws,south,7015,4.345222473144531,4.268007838806763,4.206991830712792,
2046,ws,atlantic_coast,5454,4.1397318840026855,4.0317641456459254,3.937286393622579,
2046,ws,mountains,3259,3.5012032985687256,3.314564795064039,3.262702074016401,
2046,ws,plains,7231,3.8288722038269043,3.679336648707963,3.57501112993692,
2046,ws,sahara,2301,4.452674388885498,4.481460954129963,4.371616691422172,
2046,def,national,22087,1769.482177734375,1600.7987775866095,1420.1316367989505,
2046,def,north,7085,1360.215576171875,1221.427720570558,1056.6874988640147,
2046,def,center,7987,1782.340576171875,1578.889996346207,1385.1397660928014,
2046,def,south,7015,2168.192138671875,2008.8999001419647,1827.0427969698746,
2046,def,atlantic_coast,5454,1813.5628662109375,1656.445599580538,1475.470547233838,
2046,def,mountains,3259,1503.3077392578125,1373.19831221208,1168.7065023617406,
2046,def,plains,7231,1630.6378173828125,1476.882118796405,1331.7113640396972,
2046,def,sahara,2301,2112.72216796875,1971.4258152954685,1834.0348083573142,
2047,tmax,national,22087,27.22490119934082,26.365057873005536,24.61923431394051,
2047,tmax,north,7085,24.965940475463867,24.41751822960907,22.836902983677632,
2047,tmax,center,7987,26.867103576660156,25.99262968589187,24.03941121135507,
2047,tmax,south,7015,29.913780212402344,28.756063190744786,27.07951437028583,
2047,tmax,atlantic_coast,5454,27.4002685546875,26.36712809674767,24.909317846592824,
2047,tmax,mountains,3259,23.09044647216797,22.50799069086857,20.321326739606995,
2047,tmax,plains,7231,27.680282592773438,26.83108145134559,25.542731345787445,
2047,tmax,sahara,2301,30.07293701171875,28.833557867958948,27.556639705804148,
2047,tmin,national,22087,13.098872184753418,12.400007170128863,10.705519925354935,
2047,tmin,north,7085,12.191396713256836,11.551543168928468,10.056967046484765,
2047,tmin,center,7987,11.985376358032227,11.291700054547773,9.402533875985933,
2047,tmin,south,7015,15.283183097839355,14.518812071148242,12.844072558727042,
2047,tmin,atlantic_coast,5454,15.195457458496094,14.294876852385492,12.85043513264266,
2047,tmin,mountains,3259,7.03662633895874,6.740866319762105,4.613674733330604,
2047,tmin,plains,7231,15.473557472229004,14.774626609399068,13.52572525470294,
2047,tmin,sahara,2301,17.105697631835938,16.614417643507686,15.297314520406413,
2047,prec,national,22087,272.1915588378906,228.06547288103928,291.5644554040341,
2047,prec,north,7085,429.2951354980469,361.1223852538482,430.8982108033416,
2047,prec,center,7987,263.2538146972656,226.06503067731288,286.0242471187655,
2047,prec,south,7015,123.69647216796875,95.95846043910223,157.14820259866664,
2047,prec,atlantic_coast,5454,183.2545623779297,127.94035569505051,224.00777681633633,
2047,prec,mountains,3259,311.5582275390625,270.05345202145463,327.21607493866384,
2047,prec,plains,7231,291.7548828125,236.20449444953707,311.9142149454864,
2047,prec,sahara,2301,64.15367126464844,42.85067360854017,84.87056523185205,
2047,vap,national,22087,1.0341098308563232,1.056564698809166,1.0462210126919453,
2047,vap,north,7085,1.1459101438522339,1.1731589861641811,1.1604519549245103,
2047,vap,center,7987,0.9264933466911316,0.9323233797134741,0.9379062600473477,
2047,vap,south,7015,1.0437217950820923,1.0802631862941279,1.0541730730846288,
2047,vap,atlantic_coast,5454,1.2454575300216675,1.2817683353152205,1.2443066295826908,
2047,vap,mountains,3259,0.7068381309509277,0.6889342589276609,0.6956276457874326,
2047,vap,plains,7231,1.3727238178253174,1.4048673421967404,1.3704708526290266,
2047,vap,sahara,2301,1.283089518547058,1.3683875129954393,1.3346462204793084,
2047,ws,national,22087,3.8012022972106934,3.624196735641134,3.5474457147263374,
2047,ws,north,7085,3.45166015625,3.2329146060052403,3.157574489215948,
2047,ws,center,7987,3.628267526626587,3.4058292634692826,3.314006579769048,
2047,ws,south,7015,4.351128578186035,4.268007838806763,4.206991830712792,
2047,ws,atlantic_coast,5454,4.1480207443237305,4.0317641456459254,3.937286393622579,
2047,ws,mountains,3259,3.511413812637329,3.314564795064039,3.262702074016401,
2047,ws,plains,7231,3.838805913925171,3.679336648707963,3.57501112993692,
2047,ws,sahara,2301,4.456045627593994,4.481460954129963,4.371616691422172,
2047,def,national,22087,1777.5911865234375,1600.7987775866095,1420.1316367989505,
2047,def,north,7085,1367.201171875,1221.427720570558,1056.6874988640147,
2047,def,center,7987,1792.37109375,1578.889996346207,1385.1397660928014,
2047,def,south,7015,2175.248779296875,2008.8999001419647,1827.0427969698746,
2047,def,atlantic_coast,5454,1822.2396240234375,1656.445599580538,1475.470547233838,
2047,def,mountains,3259,1511.4666748046875,1373.19831221208,1168.7065023617406,
2047,def,plains,7231,1638.2550048828125,1476.882118796405,1331.7113640396972,
2047,def,sahara,2301,2118.58984375,1971.4258152954685,1834.0348083573142,
2048,tmax,national,22087,27.26537322998047,26.365057873005536,24.61923431394051,
2048,tmax,north,7085,25.000198364257812,24.41751822960907,22.836902983677632,
2048,tmax,center,7987,26.909297943115234,25.99262968589187,24.03941121135507,
2048,tmax,south,7015,29.95857048034668,28.756063190744786,27.07951437028583,
2048,tmax,atlantic_coast,5454,27.44316291809082,26.36712809674767,24.909317846592824,
2048,tmax,mountains,3259,23.116863250732422,22.50799069086857,20.321326739606995,
2048,tmax,plains,7231,27.718469619750977,26.83108145134559,25.542731345787445,
2048,tmax,sahara,2301,30.12215805053711,28.833557867958948,27.556639705804148,
2048,tmin,national,22087,13.123785972595215,12.400007170128863,10.705519925354935,
2048,tmin,north,7085,12.221475601196289,11.551543168928468,10.056967046484765,
2048,tmin,center,7987,12.014811515808105,11.291700054547773,9.402533875985933,
2048,tmin,south,7015,15.29773235321045,14.518812071148242,12.844072558727042,
2048,tmin,atlantic_coast,5454,15.217690467834473,14.294876852385492,12.85043513264266,
2048,tmin,mountains,3259,7.038881301879883,6.740866319762105,4.613674733330604,
2048,tmin,plains,7231,15.49231243133545,14.774626609399068,13.52572525470294,
2048,tmin,sahara,2301,17.1019287109375,16.614417643507686,15.297314520406413,
2048,prec,national,22087,273.721435546875,228.06547288103928,291.5644554040341,
2048,prec,north,7085,432.67779541015625,361.1223852538482,430.8982108033416,
2048,prec,center,7987,264.3804931640625,226.06503067731288,286.0242471187655,
2048,prec,south,7015,123.81414031982422,95.95846043910223,157.14820259866664,
2048,prec,atlantic_coast,5454,183.98159790039062,127.94035569505051,224.00777681633633,
2048,prec,mountains,3259,311.3193054199219,270.05345202145463,327.21607493866384,
2048,prec,plains,7231,294.4279479980469,236.20449444953707,311.9142149454864,
2048,prec,sahara,2301,64.0650405883789,42.85067360854017,84.87056523185205,
2048,vap,national,22087,1.03341543674469,1.056564698809166,1.0462210126919453,
2048,vap,north,7085,1.1450661420822144,1.1731589861641811,1.1604519549245103,
2048,vap,center,7987,0.9261158108711243,0.9323233797134741,0.9379062600473477,
2048,vap,south,7015,1.0428175926208496,1.0802631862941279,1.0541730730846288,
2048,vap,atlantic_coast,5454,1.2446309328079224,1.2817683353152205,1.2443066295826908,
2048,vap,mountains,3259,0.7066079378128052,0.6889342589276609,0.6956276457874326,
2048,vap,plains,7231,1.3722187280654907,1.4048673421967404,1.3704708526290266,
2048,vap,sahara,2301,1.2813646793365479,1.3683875129954393,1.3346462204793084,
2048,ws,national,22087,3.811837911605835,3.624196735641134,3.5474457147263374,
2048,ws,north,7085,3.4637036323547363,3.2329146060052403,3.157574489215948,
2048,ws,center,7987,3.641383171081543,3.4058292634692826,3.314006579769048,
2048,ws,south,7015,4.357519626617432,4.268007838806763,4.206991830712792,
2048,ws,atlantic_coast,5454,4.156868934631348,4.0317641456459254,3.937286393622579,
2048,ws,mountains,3259,3.524129629135132,3.314564795064039,3.262702074016401,
2048,ws,plains,7231,3.848346471786499,3.679336648707963,3.57501112993692,
2048,ws,sahara,2301,4.459402084350586,4.481460954129963,4.371616691422172,
2048,def,national,22087,1785.78662109375,1600.7987775866095,1420.1316367989505,
2048,def,north,7085,1374.5869140625,1221.427720570558,1056.6874988640147,
2048,def,center,7987,1802.6802978515625,1578.889996346207,1385.1397660928014,
2048,def,south,7015,2181.854736328125,2008.8999001419647,1827.0427969698746,
2048,def,atlantic_coast,5454,1830.225341796875,1656.445599580538,1475.470547233838,
2048,def,mountains,3259,1520.613525390625,1373.19831221208,1168.7065023617406,
2048,def,plains,7231,1645.2418212890625,1476.882118796405,1331.7113640396972,
2048,def,sahara,2301,2124.095703125,1971.4258152954685,1834.0348083573142,
2049,tmax,national,22087,27.318153381347656,26.365057873005536,24.61923431394051,
2049,tmax,north,7085,25.053789138793945,24.41751822960907,22.836902983677632,
2049,tmax,center,7987,26.965497970581055,25.99262968589187,24.03941121135507,
2049,tmax,south,7015,30.006628036499023,28.756063190744786,27.07951437028583,
2049,tmax,atlantic_coast,5454,27.496553421020508,26.36712809674767,24.909317846592824,
2049,tmax,mountains,3259,23.167320251464844,22.50799069086857,20.321326739606995,
2049,tmax,plains,7231,27.764217376708984,26.83108145134559,25.542731345787445,
2049,tmax,sahara,2301,30.17302894592285,28.833557867958948,27.556639705804148,
2049,tmin,national,22087,13.162982940673828,12.400007170128863,10.705519925354935,
2049,tmin,north,7085,12.267236709594727,11.551543168928468,10.056967046484765,
2049,tmin,center,7987,12.061318397521973,11.291700054547773,9.402533875985933,
2049,tmin,south,7015,15.321983337402344,14.518812071148242,12.844072558727042,
2049,tmin,atlantic_coast,5454,15.252436637878418,14.294876852385492,12.85043513264266,
2049,tmin,mountains,3259,7.0771613121032715,6.740866319762105,4.613674733330604,
2049,tmin,plains,7231,15.517587661743164,14.774626609399068,13.52572525470294,
2049,tmin,sahara,2301,17.100095748901367,16.614417643507686,15.297314520406413,
2049,prec,national,22087,274.88702392578125,228.06547288103928,291.5644554040341,
2049,prec,north,7085,435.0426330566406,361.1223852538482,430.8982108033416,
2049,prec,center,7987,265.27838134765625,226.06503067731288,286.0242471187655,
2049,prec,south,7015,124.0733642578125,95.95846043910223,157.14820259866664,
2049,prec,atlantic_coast,5454,185.02401733398438,127.94035569505051,224.00777681633633,
2049,prec,mountains,3259,310.26385498046875,270.05345202145463,327.21607493866384,
2049,prec,plains,7231,297.1122131347656,236.20449444953707,311.9142149454864,
2049,prec,sahara,2301,64.18135070800781,42.85067360854017,84.87056523185205,
2049,vap,national,22087,1.0328997373580933,1.056564698809166,1.0462210126919453,
2049,vap,north,7085,1.1446073055267334,1.1731589861641811,1.1604519549245103,
2049,vap,center,7987,0.9261918067932129,0.9323233797134741,0.9379062600473477,
2049,vap,south,7015,1.0415706634521484,1.0802631862941279,1.0541730730846288,
2049,vap,atlantic_coast,5454,1.24337637424469,1.2817683353152205,1.2443066295826908,
2049,vap,mountains,3259,0.7071184515953064,0.6889342589276609,0.6956276457874326,
2049,vap,plains,7231,1.3713335990905762,1.4048673421967404,1.3704708526290266,
2049,vap,sahara,2301,1.279036283493042,1.3683875129954393,1.3346462204793084,
2049,ws,national,22087,3.82285737991333,3.624196735641134,3.5474457147263374,
2049,ws,north,7085,3.476656675338745,3.2329146060052403,3.157574489215948,
2049,ws,center,7987,3.6548731327056885,3.4058292634692826,3.314006579769048,
2049,ws,south,7015,4.363773345947266,4.268007838806763,4.206991830712792,
2049,ws,atlantic_coast,5454,4.1651530265808105,4.0317641456459254,3.937286393622579,
2049,ws,mountains,3259,3.536550283432007,3.314564795064039,3.262702074016401,
2049,ws,plains,7231,3.858198404312134,3.679336648707963,3.57501112993692,
2049,ws,sahara,2301,4.462348461151123,4.481460954129963,4.371616691422172,
2049,def,national,22087,1795.015380859375,1600.7987775866095,1420.1316367989505,
2049,def,north,7085,1384.390869140625,1221.427720570558,1056.6874988640147,
2049,def,center,7987,1813.822265625,1578.889996346207,1385.1397660928014,
2049,def,south,7015,2188.324951171875,2008.8999001419647,1827.0427969698746,
2049,def,atlantic_coast,5454,1838.6898193359375,1656.445599580538,1475.470547233838,
2049,def,mountains,3259,1530.967529296875,1373.19831221208,1168.7065023617406,
2049,def,plains,7231,1652.80322265625,1476.882118796405,1331.7113640396972,
2049,def,sahara,2301,2129.03271484375,1971.4258152954685,1834.0348083573142,
2050,tmax,national,22087,27.368892669677734,26.365057873005536,24.61923431394051,
2050,tmax,north,7085,25.104581832885742,24.41751822960907,22.836902983677632,
2050,tmax,center,7987,27.02117919921875,25.99262968589187,24.03941121135507,
2050,tmax,south,7015,30.05168342590332,28.756063190744786,27.07951437028583,
2050,tmax,atlantic_coast,5454,27.547861099243164,26.36712809674767,24.909317846592824,
2050,tmax,mountains,3259,23.221338272094727,22.50799069086857,20.321326739606995,
2050,tmax,plains,7231,27.80786895751953,26.83108145134559,25.542731345787445,
2050,tmax,sahara,2301,30.219432830810547,28.833557867958948,27.556639705804148,
2050,tmin,national,22087,13.201586723327637,12.400007170128863,10.705519925354935,
2050,tmin,north,7085,12.312308311462402,11.551543168928468,10.056967046484765,
2050,tmin,center,7987,12.107784271240234,11.291700054547773,9.402533875985933,
2050,tmin,south,7015,15.345097541809082,14.518812071148242,12.844072558727042,
2050,tmin,atlantic_coast,5454,15.284429550170898,14.294876852385492,12.85043513264266,
2050,tmin,mountains,3259,7.119434356689453,6.740866319762105,4.613674733330604,
2050,tmin,plains,7231,15.54188346862793,14.774626609399068,13.52572525470294,
2050,tmin,sahara,2301,17.09703254699707,16.614417643507686,15.297314520406413,
2050,prec,national,22087,274.8453063964844,228.06547288103928,291.5644554040341,
2050,prec,north,7085,435.0880432128906,361.1223852538482,430.8982108033416,
2050,prec,center,7987,265.046875,226.06503067731288,286.0242471187655,
2050,prec,south,7015,124.15957641601562,95.95846043910223,157.14820259866664,
2050,prec,atlantic_coast,5454,185.69744873046875,127.94035569505051,224.00777681633633,
2050,prec,mountains,3259,307.30950927734375,270.05345202145463,327.21607493866384,
2050,prec,plains,7231,298.2001647949219,236.20449444953707,311.9142149454864,
2050,prec,sahara,2301,64.48133087158203,42.85067360854017,84.87056523185205,
2050,vap,national,22087,1.032165765762329,1.056564698809166,1.0462210126919453,
2050,vap,north,7085,1.1443521976470947,1.1731589861641811,1.1604519549245103,
2050,vap,center,7987,0.9259158968925476,0.9323233797134741,0.9379062600473477,
2050,vap,south,7015,1.0398318767547607,1.0802631862941279,1.0541730730846288,
2050,vap,atlantic_coast,5454,1.2417166233062744,1.2817683353152205,1.2443066295826908,
2050,vap,mountains,3259,0.7076179385185242,0.6889342589276609,0.6956276457874326,
2050,vap,plains,7231,1.3702220916748047,1.4048673421967404,1.3704708526290266,
2050,vap,sahara,2301,1.2757494449615479,1.3683875129954393,1.3346462204793084,
2050,ws,national,22087,3.834321975708008,3.624196735641134,3.5474457147263374,
2050,ws,north,7085,3.490432024002075,3.2329146060052403,3.157574489215948,
2050,ws,center,7987,3.6684749126434326,3.4058292634692826,3.314006579769048,
2050,ws,south,7015,4.37047004699707,4.268007838806763,4.206991830712792,
2050,ws,atlantic_coast,5454,4.173840522766113,4.0317641456459254,3.937286393622579,
2050,ws,mountains,3259,3.549264430999756,3.314564795064039,3.262702074016401,
2050,ws,plains,7231,3.8685104846954346,3.679336648707963,3.57501112993692,
2050,ws,sahara,2301,4.4658308029174805,4.481460954129963,4.371616691422172,
2050,def,national,22087,1805.1395263671875,1600.7987775866095,1420.1316367989505,
2050,def,north,7085,1395.1646728515625,1221.427720570558,1056.6874988640147,
2050,def,center,7987,1826.752197265625,1578.889996346207,1385.1397660928014,
2050,def,south,7015,2194.597900390625,2008.8999001419647,1827.0427969698746,
2050,def,atlantic_coast,5454,1847.42431640625,1656.445599580538,1475.470547233838,
2050,def,mountains,3259,1543.0845947265625,1373.19831221208,1168.7065023617406,
2050,def,plains,7231,1660.6624755859375,1476.882118796405,1331.7113640396972,
2050,def,sahara,2301,2133.54248046875,1971.4258152954685,1834.0348083573142,
