year,variable,region,n_pixels,lstm_pred,persistence_2024,climatology_1958_2014,observed
2025,tmax,national,22155,25.408721923828125,26.375412994992207,24.28223552376399,
2025,tmax,north,7085,23.757009506225586,24.41751822960907,22.51241357142149,
2025,tmax,center,7987,24.735200881958008,25.99262968589187,23.648643577228025,
2025,tmax,south,7083,27.820392608642578,28.765498368777894,26.767014206430854,
2025,tmax,atlantic_coast,5458,25.597841262817383,26.37066843273207,24.58576209317581,
2025,tmax,mountains,3259,21.539634704589844,22.50799069086857,19.923080613543274,
2025,tmax,plains,7281,26.081523895263672,26.848149288804713,25.227611565410264,
2025,tmax,sahara,2351,28.144453048706055,28.843828860604308,27.353500121688093,
2025,tmin,national,22155,11.262017250061035,12.410689462181093,10.464084985911235,
2025,tmin,north,7085,10.641653060913086,11.551543168928468,9.8305337306713,
2025,tmin,center,7987,10.025403022766113,11.291700054547773,9.125373802288948,
2025,tmin,south,7083,13.277003288269043,14.53188385530013,12.607385404796757,
2025,tmin,atlantic_coast,5458,13.115700721740723,14.295784478951383,12.580488429886689,
2025,tmin,mountains,3259,5.884759426116943,6.740866319762105,4.342219952363648,
2025,tmin,plains,7281,13.630976676940918,14.782469213917564,13.275987333306249,
2025,tmin,sahara,2351,15.580059051513672,16.59957819297333,15.082629738104096,
2025,prec,national,22155,268.4471740722656,227.58708641515867,310.23745397878525,
2025,prec,north,7085,377.0157165527344,361.1223852538482,468.58246281603294,
2025,prec,center,7987,286.88250732421875,226.06503067731288,301.1130830963266,
2025,prec,south,7083,139.0597381591797,95.73039672238147,162.13664395849682,
2025,prec,atlantic_coast,5458,178.17190551757812,127.91648954967874,234.69058713411866,
2025,prec,mountains,3259,315.19305419921875,270.05345202145463,346.51131278931285,
2025,prec,plains,7281,251.2558135986328,235.04811143768904,331.6862311604633,
2025,prec,sahara,2351,72.9404067993164,43.38153976455223,87.14132694368749,
2025,vap,national,22155,1.0336992740631104,1.0572418755430548,1.0157547819061175,
2025,vap,north,7085,1.1380712985992432,1.1731589861641811,1.13057767829222,
2025,vap,center,7987,0.9461594820022583,0.9323233797134741,0.9054845502662806,
2025,vap,south,7083,1.0280101299285889,1.0821538192731386,1.0252434334960996,
2025,vap,atlantic_coast,5458,1.2062090635299683,1.2816715220707675,1.2105940728588012,
2025,vap,mountains,3259,0.7209921479225159,0.6889342589276609,0.6645325175047383,
2025,vap,plains,7281,1.3260796070098877,1.4043084972030715,1.3369105887188537,
2025,vap,sahara,2351,1.300582766532898,1.3674326176577791,1.3000922946293274,
2025,ws,national,22155,3.569289445877075,3.627775895557886,3.579721699131199,
2025,ws,north,7085,3.197634220123291,3.2329146060052403,3.173755215066263,
2025,ws,center,7987,3.357215166091919,3.4058292634692826,3.3671284825177774,
2025,ws,south,7083,4.180190563201904,4.273022258253377,4.225529204523191,
2025,ws,atlantic_coast,5458,3.9466657638549805,4.0323439569766375,3.9372162973319615,
2025,ws,mountains,3259,3.313145399093628,3.314564795064039,3.3157890268862253,
2025,ws,plains,7281,3.6120777130126953,3.686956916162177,3.5743424084319715,
2025,ws,sahara,2351,4.342578887939453,4.488001554752265,4.37964690568132,
2025,def,national,22155,1506.927001953125,1602.4656059773085,1404.5040002089127,
2025,def,north,7085,1176.39404296875,1221.427720570558,1024.6531869897856,
2025,def,center,7987,1435.09912109375,1578.889996346207,1370.4070790390158,
2025,def,south,7083,1918.548583984375,2010.1956373524931,1822.9107658507994,
2025,def,atlantic_coast,5458,1592.87451171875,1656.9502381985783,1461.6649402157002,
2025,def,mountains,3259,1258.6824951171875,1373.19831221208,1149.446259502251,
2025,def,plains,7281,1445.8519287109375,1481.074289370336,1313.3883166133442,
2025,def,sahara,2351,1912.975341796875,1973.891153076769,1840.1810315924774,
2026,tmax,national,22155,25.638843536376953,26.375412994992207,24.28223552376399,
2026,tmax,north,7085,23.894948959350586,24.41751822960907,22.51241357142149,
2026,tmax,center,7987,25.111223220825195,25.99262968589187,23.648643577228025,
2026,tmax,south,7083,27.978187561035156,28.765498368777894,26.767014206430854,
2026,tmax,atlantic_coast,5458,25.748153686523438,26.37066843273207,24.58576209317581,
2026,tmax,mountains,3259,21.752046585083008,22.50799069086857,19.923080613543274,
2026,tmax,plains,7281,26.218660354614258,26.848149288804713,25.227611565410264,
2026,tmax,sahara,2351,28.20449447631836,28.843828860604308,27.353500121688093,
2026,tmin,national,22155,11.379661560058594,12.410689462181093,10.464084985911235,
2026,tmin,north,7085,10.607121467590332,11.551543168928468,9.8305337306713,
2026,tmin,center,7987,10.219462394714355,11.291700054547773,9.125373802288948,
2026,tmin,south,7083,13.46069622039795,14.53188385530013,12.607385404796757,
2026,tmin,atlantic_coast,5458,13.236742973327637,14.295784478951383,12.580488429886689,
2026,tmin,mountains,3259,5.970515727996826,6.740866319762105,4.342219952363648,
2026,tmin,plains,7281,13.650908470153809,14.782469213917564,13.275987333306249,
2026,tmin,sahara,2351,15.642635345458984,16.59957819297333,15.082629738104096,
2026,prec,national,22155,261.2898864746094,227.58708641515867,310.23745397878525,
2026,prec,north,7085,385.9417724609375,361.1223852538482,468.58246281603294,
2026,prec,center,7987,267.86785888671875,226.06503067731288,301.1130830963266,
2026,prec,south,7083,129.18531799316406,95.73039672238147,162.13664395849682,
2026,prec,atlantic_coast,5458,174.98512268066406,127.91648954967874,234.69058713411866,
2026,prec,mountains,3259,310.5218200683594,270.05345202145463,346.51131278931285,
2026,prec,plains,7281,254.3011932373047,235.04811143768904,331.6862311604633,
2026,prec,sahara,2351,66.50248718261719,43.38153976455223,87.14132694368749,
2026,vap,national,22155,1.0311601161956787,1.0572418755430548,1.0157547819061175,
2026,vap,north,7085,1.132360577583313,1.1731589861641811,1.13057767829222,
2026,vap,center,7987,0.9411294460296631,0.9323233797134741,0.9054845502662806,
2026,vap,south,7083,1.0314526557922363,1.0821538192731386,1.0252434334960996,
2026,vap,atlantic_coast,5458,1.2091343402862549,1.2816715220707675,1.2105940728588012,
2026,vap,mountains,3259,0.7243578433990479,0.6889342589276609,0.6645325175047383,
2026,vap,plains,7281,1.320845603942871,1.4043084972030715,1.3369105887188537,
2026,vap,sahara,2351,1.2968593835830688,1.3674326176577791,1.3000922946293274,
2026,ws,national,22155,3.582261800765991,3.627775895557886,3.579721699131199,
2026,ws,north,7085,3.183499574661255,3.2329146060052403,3.173755215066263,
2026,ws,center,7987,3.389751434326172,3.4058292634692826,3.3671284825177774,
2026,ws,south,7083,4.198217391967773,4.273022258253377,4.225529204523191,
2026,ws,atlantic_coast,5458,3.938527822494507,4.0323439569766375,3.9372162973319615,
2026,ws,mountains,3259,3.3126330375671387,3.314564795064039,3.3157890268862253,
2026,ws,plains,7281,3.5973446369171143,3.686956916162177,3.5743424084319715,
2026,ws,sahara,2351,4.339466571807861,4.488001554752265,4.37964690568132,
2026,def,national,22155,1534.7857666015625,1602.4656059773085,1404.5040002089127,
2026,def,north,7085,1180.5546875,1221.427720570558,1024.6531869897856,
2026,def,center,7987,1487.9649658203125,1578.889996346207,1370.4070790390158,
2026,def,south,7083,1941.913818359375,2010.1956373524931,1822.9107658507994,
2026,def,atlantic_coast,5458,1604.36865234375,1656.9502381985783,1461.6649402157002,
2026,def,mountains,3259,1274.2506103515625,1373.19831221208,1149.446259502251,
2026,def,plains,7281,1454.6951904296875,1481.074289370336,1313.3883166133442,
2026,def,sahara,2351,1923.4976806640625,1973.891153076769,1840.1810315924774,
2027,tmax,national,22155,25.787118911743164,26.375412994992207,24.28223552376399,
2027,tmax,north,7085,23.97813606262207,24.41751822960907,22.51241357142149,
2027,tmax,center,7987,25.32390022277832,25.99262968589187,23.648643577228025,
2027,tmax,south,7083,28.11895179748535,28.765498368777894,26.767014206430854,
2027,tmax,atlantic_coast,5458,25.89521598815918,26.37066843273207,24.58576209317581,
2027,tmax,mountains,3259,21.851747512817383,22.50799069086857,19.923080613543274,
2027,tmax,plains,7281,26.329538345336914,26.848149288804713,25.227611565410264,
2027,tmax,sahara,2351,28.314945220947266,28.843828860604308,27.353500121688093,
2027,tmin,national,22155,11.446555137634277,12.410689462181093,10.464084985911235,
2027,tmin,north,7085,10.62114143371582,11.551543168928468,9.8305337306713,
2027,tmin,center,7987,10.266401290893555,11.291700054547773,9.125373802288948,
2027,tmin,south,7083,13.60297679901123,14.53188385530013,12.607385404796757,
2027,tmin,atlantic_coast,5458,13.33797550201416,14.295784478951383,12.580488429886689,
2027,tmin,mountains,3259,5.914620399475098,6.740866319762105,4.342219952363648,
2027,tmin,plains,7281,13.760459899902344,14.782469213917564,13.275987333306249,
2027,tmin,sahara,2351,15.70295238494873,16.59957819297333,15.082629738104096,
2027,prec,national,22155,270.04388427734375,227.58708641515867,310.23745397878525,
2027,prec,north,7085,408.1724853515625,361.1223852538482,468.58246281603294,
2027,prec,center,7987,270.1265563964844,226.06503067731288,301.1130830963266,
2027,prec,south,7083,131.78306579589844,95.73039672238147,162.13664395849682,
2027,prec,atlantic_coast,5458,190.01365661621094,127.91648954967874,234.69058713411866,
2027,prec,mountains,3259,320.4232482910156,270.05345202145463,346.51131278931285,
2027,prec,plains,7281,278.24810791015625,235.04811143768904,331.6862311604633,
2027,prec,sahara,2351,67.92420959472656,43.38153976455223,87.14132694368749,
2027,vap,national,22155,1.0377672910690308,1.0572418755430548,1.0157547819061175,
2027,vap,north,7085,1.1327463388442993,1.1731589861641811,1.13057767829222,
2027,vap,center,7987,0.9456337094306946,0.9323233797134741,0.9054845502662806,
2027,vap,south,7083,1.0466536283493042,1.0821538192731386,1.0252434334960996,
2027,vap,atlantic_coast,5458,1.2230181694030762,1.2816715220707675,1.2105940728588012,
2027,vap,mountains,3259,0.7271038293838501,0.6889342589276609,0.6645325175047383,
2027,vap,plains,7281,1.3318138122558594,1.4043084972030715,1.3369105887188537,
2027,vap,sahara,2351,1.302735447883606,1.3674326176577791,1.3000922946293274,
2027,ws,national,22155,3.608548402786255,3.627775895557886,3.579721699131199,
2027,ws,north,7085,3.2036514282226562,3.2329146060052403,3.173755215066263,
2027,ws,center,7987,3.415400505065918,3.4058292634692826,3.3671284825177774,
2027,ws,south,7083,4.231359481811523,4.273022258253377,4.225529204523191,
2027,ws,atlantic_coast,5458,3.947162628173828,4.0323439569766375,3.9372162973319615,
2027,ws,mountains,3259,3.3162453174591064,3.314564795064039,3.3157890268862253,
2027,ws,plains,7281,3.6156744956970215,3.686956916162177,3.5743424084319715,
2027,ws,sahara,2351,4.352242946624756,4.488001554752265,4.37964690568132,
2027,def,national,22155,1542.0194091796875,1602.4656059773085,1404.5040002089127,
2027,def,north,7085,1175.76904296875,1221.427720570558,1024.6531869897856,
2027,def,center,7987,1504.0819091796875,1578.889996346207,1370.4070790390158,
2027,def,south,7083,1951.152587890625,2010.1956373524931,1822.9107658507994,
2027,def,atlantic_coast,5458,1598.4180908203125,1656.9502381985783,1461.6649402157002,
2027,def,mountains,3259,1271.1566162109375,1373.19831221208,1149.446259502251,
2027,def,plains,7281,1445.7060546875,1481.074289370336,1313.3883166133442,
2027,def,sahara,2351,1928.3492431640625,1973.891153076769,1840.1810315924774,
2028,tmax,national,22155,25.86103630065918,26.375412994992207,24.28223552376399,
2028,tmax,north,7085,24.073352813720703,24.41751822960907,22.51241357142149,
2028,tmax,center,7987,25.396072387695312,25.99262968589187,23.648643577228025,
2028,tmax,south,7083,28.173534393310547,28.765498368777894,26.767014206430854,
2028,tmax,atlantic_coast,5458,25.983659744262695,26.37066843273207,24.58576209317581,
2028,tmax,mountains,3259,21.96091079711914,22.50799069086857,19.923080613543274,
2028,tmax,plains,7281,26.41631507873535,26.848149288804713,25.227611565410264,
2028,tmax,sahara,2351,28.386531829833984,28.843828860604308,27.353500121688093,
2028,tmin,national,22155,11.506439208984375,12.410689462181093,10.464084985911235,
2028,tmin,north,7085,10.705423355102539,11.551543168928468,9.8305337306713,
2028,tmin,center,7987,10.328592300415039,11.291700054547773,9.125373802288948,
2028,tmin,south,7083,13.635857582092285,14.53188385530013,12.607385404796757,
2028,tmin,atlantic_coast,5458,13.391488075256348,14.295784478951383,12.580488429886689,
2028,tmin,mountains,3259,5.949471473693848,6.740866319762105,4.342219952363648,
2028,tmin,plains,7281,13.877294540405273,14.782469213917564,13.275987333306249,
2028,tmin,sahara,2351,15.69432544708252,16.59957819297333,15.082629738104096,
2028,prec,national,22155,304.0729064941406,227.58708641515867,310.23745397878525,
2028,prec,north,7085,455.23809814453125,361.1223852538482,468.58246281603294,
2028,prec,center,7987,303.9825744628906,226.06503067731288,301.1130830963266,
2028,prec,south,7083,152.96694946289062,95.73039672238147,162.13664395849682,
2028,prec,atlantic_coast,5458,232.4629669189453,127.91648954967874,234.69058713411866,
2028,prec,mountains,3259,354.12579345703125,270.05345202145463,346.51131278931285,
2028,prec,plains,7281,331.5973205566406,235.04811143768904,331.6862311604633,
2028,prec,sahara,2351,80.08785247802734,43.38153976455223,87.14132694368749,
2028,vap,national,22155,1.0533480644226074,1.0572418755430548,1.0157547819061175,
2028,vap,north,7085,1.1389638185501099,1.1731589861641811,1.13057767829222,
2028,vap,center,7987,0.963665246963501,0.9323233797134741,0.9054845502662806,
2028,vap,south,7083,1.068837285041809,1.0821538192731386,1.0252434334960996,
2028,vap,atlantic_coast,5458,1.2417843341827393,1.2816715220707675,1.2105940728588012,
2028,vap,mountains,3259,0.7435395121574402,0.6889342589276609,0.6645325175047383,
2028,vap,plains,7281,1.3468292951583862,1.4043084972030715,1.3369105887188537,
2028,vap,sahara,2351,1.3161835670471191,1.3674326176577791,1.3000922946293274,
2028,ws,national,22155,3.6162829399108887,3.627775895557886,3.579721699131199,
2028,ws,north,7085,3.2251150608062744,3.2329146060052403,3.173755215066263,
2028,ws,center,7987,3.417682409286499,3.4058292634692826,3.3671284825177774,
2028,ws,south,7083,4.231509685516357,4.273022258253377,4.225529204523191,
2028,ws,atlantic_coast,5458,3.9447062015533447,4.0323439569766375,3.9372162973319615,
2028,ws,mountains,3259,3.3117055892944336,3.314564795064039,3.3157890268862253,
2028,ws,plains,7281,3.6331734657287598,3.686956916162177,3.5743424084319715,
2028,ws,sahara,2351,4.345524311065674,4.488001554752265,4.37964690568132,
2028,def,national,22155,1516.8720703125,1602.4656059773085,1404.5040002089127,
2028,def,north,7085,1152.904296875,1221.427720570558,1024.6531869897856,
2028,def,center,7987,1474.7442626953125,1578.889996346207,1370.4070790390158,
2028,def,south,7083,1928.447509765625,2010.1956373524931,1822.9107658507994,
2028,def,atlantic_coast,5458,1563.425048828125,1656.9502381985783,1461.6649402157002,
2028,def,mountains,3259,1242.3240966796875,1373.19831221208,1149.446259502251,
2028,def,plains,7281,1412.35546875,1481.074289370336,1313.3883166133442,
2028,def,sahara,2351,1914.694580078125,1973.891153076769,1840.1810315924774,
2029,tmax,national,22155,25.901004791259766,26.375412994992207,24.28223552376399,
2029,tmax,north,7085,24.07941246032715,24.41751822960907,22.51241357142149,
2029,tmax,center,7987,25.43368148803711,25.99262968589187,23.648643577228025,
2029,tmax,south,7083,28.25006675720215,28.765498368777894,26.767014206430854,
2029,tmax,atlantic_coast,5458,26.070022583007812,26.37066843273207,24.58576209317581,
2029,tmax,mountains,3259,22.073896408081055,22.50799069086857,19.923080613543274,
2029,tmax,plains,7281,26.418323516845703,26.848149288804713,25.227611565410264,
2029,tmax,sahara,2351,28.49665641784668,28.843828860604308,27.353500121688093,
2029,tmin,national,22155,11.590448379516602,12.410689462181093,10.464084985911235,
2029,tmin,north,7085,10.729069709777832,11.551543168928468,9.8305337306713,
2029,tmin,center,7987,10.441940307617188,11.291700054547773,9.125373802288948,
2029,tmin,south,7083,13.747163772583008,14.53188385530013,12.607385404796757,
2029,tmin,atlantic_coast,5458,13.481854438781738,14.295784478951383,12.580488429886689,
2029,tmin,mountains,3259,6.1301798820495605,6.740866319762105,4.342219952363648,
2029,tmin,plains,7281,13.902116775512695,14.782469213917564,13.275987333306249,
2029,tmin,sahara,2351,15.756107330322266,16.59957819297333,15.082629738104096,
2029,prec,national,22155,287.86260986328125,227.58708641515867,310.23745397878525,
2029,prec,north,7085,452.0522155761719,361.1223852538482,468.58246281603294,
2029,prec,center,7987,271.8699035644531,226.06503067731288,301.1130830963266,
2029,prec,south,7083,141.66043090820312,95.73039672238147,162.13664395849682,
2029,prec,atlantic_coast,5458,210.8014373779297,127.91648954967874,234.69058713411866,
2029,prec,mountains,3259,321.910888671875,270.05345202145463,346.51131278931285,
2029,prec,plains,7281,324.2798156738281,235.04811143768904,331.6862311604633,
2029,prec,sahara,2351,83.5424575805664,43.38153976455223,87.14132694368749,
2029,vap,national,22155,1.0633794069290161,1.0572418755430548,1.0157547819061175,
2029,vap,north,7085,1.141099214553833,1.1731589861641811,1.13057767829222,
2029,vap,center,7987,0.9736687541007996,0.9323233797134741,0.9054845502662806,
2029,vap,south,7083,1.0867979526519775,1.0821538192731386,1.0252434334960996,
2029,vap,atlantic_coast,5458,1.252221703529358,1.2816715220707675,1.2105940728588012,
2029,vap,mountains,3259,0.7561996579170227,0.6889342589276609,0.6645325175047383,
2029,vap,plains,7281,1.348379135131836,1.4043084972030715,1.3369105887188537,
2029,vap,sahara,2351,1.3246773481369019,1.3674326176577791,1.3000922946293274,
2029,ws,national,22155,3.602313995361328,3.627775895557886,3.579721699131199,
2029,ws,north,7085,3.22963547706604,3.2329146060052403,3.173755215066263,
2029,ws,center,7987,3.400449275970459,3.4058292634692826,3.3671284825177774,
2029,ws,south,7083,4.202726364135742,4.273022258253377,4.225529204523191,
2029,ws,atlantic_coast,5458,3.92063045501709,4.0323439569766375,3.9372162973319615,
2029,ws,mountains,3259,3.278078556060791,3.314564795064039,3.3157890268862253,
2029,ws,plains,7281,3.631005048751831,3.686956916162177,3.5743424084319715,
2029,ws,sahara,2351,4.31805944442749,4.488001554752265,4.37964690568132,
2029,def,national,22155,1523.9141845703125,1602.4656059773085,1404.5040002089127,
2029,def,north,7085,1154.843505859375,1221.427720570558,1024.6531869897856,
2029,def,center,7987,1492.583984375,1578.889996346207,1370.4070790390158,
2029,def,south,7083,1928.4178466796875,2010.1956373524931,1822.9107658507994,
2029,def,atlantic_coast,5458,1573.384521484375,1656.9502381985783,1461.6649402157002,
2029,def,mountains,3259,1260.7783203125,1373.19831221208,1149.446259502251,
2029,def,plains,7281,1418.2525634765625,1481.074289370336,1313.3883166133442,
2029,def,sahara,2351,1912.3887939453125,1973.891153076769,1840.1810315924774,
2030,tmax,national,22155,25.94480323791504,26.375412994992207,24.28223552376399,
2030,tmax,north,7085,24.145946502685547,24.41751822960907,22.51241357142149,
2030,tmax,center,7987,25.499052047729492,25.99262968589187,23.648643577228025,
2030,tmax,south,7083,28.246816635131836,28.765498368777894,26.767014206430854,
2030,tmax,atlantic_coast,5458,26.089616775512695,26.37066843273207,24.58576209317581,
2030,tmax,mountains,3259,22.226531982421875,22.50799069086857,19.923080613543274,
2030,tmax,plains,7281,26.400781631469727,26.848149288804713,25.227611565410264,
2030,tmax,sahara,2351,28.51017189025879,28.843828860604308,27.353500121688093,
2030,tmin,national,22155,11.762223243713379,12.410689462181093,10.464084985911235,
2030,tmin,north,7085,10.965173721313477,11.551543168928468,9.8305337306713,
2030,tmin,center,7987,10.660993576049805,11.291700054547773,9.125373802288948,
2030,tmin,south,7083,13.801275253295898,14.53188385530013,12.607385404796757,
2030,tmin,atlantic_coast,5458,13.543182373046875,14.295784478951383,12.580488429886689,
2030,tmin,mountains,3259,6.359477996826172,6.740866319762105,4.342219952363648,
2030,tmin,plains,7281,13.964524269104004,14.782469213917564,13.275987333306249,
2030,tmin,sahara,2351,15.767805099487305,16.59957819297333,15.082629738104096,
2030,prec,national,22155,282.16815185546875,227.58708641515867,310.23745397878525,
2030,prec,north,7085,451.6453857421875,361.1223852538482,468.58246281603294,
2030,prec,center,7987,261.36932373046875,226.06503067731288,301.1130830963266,
2030,prec,south,7083,136.09645080566406,95.73039672238147,162.13664395849682,
2030,prec,atlantic_coast,5458,203.22476196289062,127.91648954967874,234.69058713411866,
2030,prec,mountains,3259,311.04693603515625,270.05345202145463,346.51131278931285,
2030,prec,plains,7281,312.1633605957031,235.04811143768904,331.6862311604633,
2030,prec,sahara,2351,85.09768676757812,43.38153976455223,87.14132694368749,
2030,vap,national,22155,1.067953109741211,1.0572418755430548,1.0157547819061175,
2030,vap,north,7085,1.1453571319580078,1.1731589861641811,1.13057767829222,
2030,vap,center,7987,0.9815995097160339,0.9323233797134741,0.9054845502662806,
2030,vap,south,7083,1.0879020690917969,1.0821538192731386,1.0252434334960996,
2030,vap,atlantic_coast,5458,1.2507991790771484,1.2816715220707675,1.2105940728588012,
2030,vap,mountains,3259,0.7650623321533203,0.6889342589276609,0.6645325175047383,
2030,vap,plains,7281,1.339501142501831,1.4043084972030715,1.3369105887188537,
2030,vap,sahara,2351,1.3199180364608765,1.3674326176577791,1.3000922946293274,
2030,ws,national,22155,3.5815110206604004,3.627775895557886,3.579721699131199,
2030,ws,north,7085,3.237957715988159,3.2329146060052403,3.173755215066263,
2030,ws,center,7987,3.3796887397766113,3.4058292634692826,3.3671284825177774,
2030,ws,south,7083,4.152741432189941,4.273022258253377,4.225529204523191,
2030,ws,atlantic_coast,5458,3.8880727291107178,4.0323439569766375,3.9372162973319615,
2030,ws,mountains,3259,3.2627809047698975,3.314564795064039,3.3157890268862253,
2030,ws,plains,7281,3.6155760288238525,3.686956916162177,3.5743424084319715,
2030,ws,sahara,2351,4.273072719573975,4.488001554752265,4.37964690568132,
2030,def,national,22155,1532.0264892578125,1602.4656059773085,1404.5040002089127,
2030,def,north,7085,1171.7764892578125,1221.427720570558,1024.6531869897856,
2030,def,center,7987,1502.9014892578125,1578.889996346207,1370.4070790390158,
2030,def,south,7083,1925.220703125,2010.1956373524931,1822.9107658507994,
2030,def,atlantic_coast,5458,1578.2720947265625,1656.9502381985783,1461.6649402157002,
2030,def,mountains,3259,1274.9669189453125,1373.19831221208,1149.446259502251,
2030,def,plains,7281,1435.6644287109375,1481.074289370336,1313.3883166133442,
2030,def,sahara,2351,1908.56103515625,1973.891153076769,1840.1810315924774,
2031,tmax,national,22155,25.93724822998047,26.375412994992207,24.28223552376399,
2031,tmax,north,7085,24.246429443359375,24.41751822960907,22.51241357142149,
2031,tmax,center,7987,25.474506378173828,25.99262968589187,23.648643577228025,
2031,tmax,south,7083,28.150346755981445,28.765498368777894,26.767014206430854,
2031,tmax,atlantic_coast,5458,26.048994064331055,26.37066843273207,24.58576209317581,
2031,tmax,mountains,3259,22.269290924072266,22.50799069086857,19.923080613543274,
2031,tmax,plains,7281,26.395729064941406,26.848149288804713,25.227611565410264,
2031,tmax,sahara,2351,28.390531539916992,28.843828860604308,27.353500121688093,
2031,tmin,national,22155,11.788802146911621,12.410689462181093,10.464084985911235,
2031,tmin,north,7085,11.050009727478027,11.551543168928468,9.8305337306713,
2031,tmin,center,7987,10.719350814819336,11.291700054547773,9.125373802288948,
2031,tmin,south,7083,13.733746528625488,14.53188385530013,12.607385404796757,
2031,tmin,atlantic_coast,5458,13.474213600158691,14.295784478951383,12.580488429886689,
2031,tmin,mountains,3259,6.48207426071167,6.740866319762105,4.342219952363648,
2031,tmin,plains,7281,13.914637565612793,14.782469213917564,13.275987333306249,
2031,tmin,sahara,2351,15.674921989440918,16.59957819297333,15.082629738104096,
2031,prec,national,22155,247.7223663330078,227.58708641515867,310.23745397878525,
2031,prec,north,7085,374.0485534667969,361.1223852538482,468.58246281603294,
2031,prec,center,7987,245.21595764160156,226.06503067731288,301.1130830963266,
2031,prec,south,7083,124.186767578125,95.73039672238147,162.13664395849682,
2031,prec,atlantic_coast,5458,168.6781463623047,127.91648954967874,234.69058713411866,
2031,prec,mountains,3259,296.3053894042969,270.05345202145463,346.51131278931285,
2031,prec,plains,7281,246.29124450683594,235.04811143768904,331.6862311604633,
2031,prec,sahara,2351,78.87649536132812,43.38153976455223,87.14132694368749,
2031,vap,national,22155,1.067266821861267,1.0572418755430548,1.0157547819061175,
2031,vap,north,7085,1.1447678804397583,1.1731589861641811,1.13057767829222,
2031,vap,center,7987,0.9837250709533691,0.9323233797134741,0.9054845502662806,
2031,vap,south,7083,1.083948016166687,1.0821538192731386,1.0252434334960996,
2031,vap,atlantic_coast,5458,1.2412620782852173,1.2816715220707675,1.2105940728588012,
2031,vap,mountains,3259,0.7691621780395508,0.6889342589276609,0.6645325175047383,
2031,vap,plains,7281,1.3297200202941895,1.4043084972030715,1.3369105887188537,
2031,vap,sahara,2351,1.313838243484497,1.3674326176577791,1.3000922946293274,
2031,ws,national,22155,3.5705363750457764,3.627775895557886,3.579721699131199,
2031,ws,north,7085,3.218231201171875,3.2329146060052403,3.173755215066263,
2031,ws,center,7987,3.3737635612487793,3.4058292634692826,3.3671284825177774,
2031,ws,south,7083,4.144828796386719,4.273022258253377,4.225529204523191,
2031,ws,atlantic_coast,5458,3.879880905151367,4.0323439569766375,3.9372162973319615,
2031,ws,mountains,3259,3.261570453643799,3.314564795064039,3.3157890268862253,
2031,ws,plains,7281,3.596264600753784,3.686956916162177,3.5743424084319715,
2031,ws,sahara,2351,4.269964694976807,4.488001554752265,4.37964690568132,
2031,def,national,22155,1552.3387451171875,1602.4656059773085,1404.5040002089127,
2031,def,north,7085,1220.873779296875,1221.427720570558,1024.6531869897856,
2031,def,center,7987,1513.9420166015625,1578.889996346207,1370.4070790390158,
2031,def,south,7083,1927.1947021484375,2010.1956373524931,1822.9107658507994,
2031,def,atlantic_coast,5458,1605.017578125,1656.9502381985783,1461.6649402157002,
2031,def,mountains,3259,1288.3995361328125,1373.19831221208,1149.446259502251,
2031,def,plains,7281,1477.532470703125,1481.074289370336,1313.3883166133442,
2031,def,sahara,2351,1904.8966064453125,1973.891153076769,1840.1810315924774,
2032,tmax,national,22155,25.967098236083984,26.375412994992207,24.28223552376399,
2032,tmax,north,7085,24.323617935180664,24.41751822960907,22.51241357142149,
2032,tmax,center,7987,25.509305953979492,25.99262968589187,23.648643577228025,
2032,tmax,south,7083,28.12726593017578,28.765498368777894,26.767014206430854,
2032,tmax,atlantic_coast,5458,26.07819366455078,26.37066843273207,24.58576209317581,
2032,tmax,mountains,3259,22.39917755126953,22.50799069086857,19.923080613543274,
2032,tmax,plains,7281,26.382404327392578,26.848149288804713,25.227611565410264,
2032,tmax,sahara,2351,28.32904624938965,28.843828860604308,27.353500121688093,
2032,tmin,national,22155,11.892900466918945,12.410689462181093,10.464084985911235,
2032,tmin,north,7085,11.22493839263916,11.551543168928468,9.8305337306713,
2032,tmin,center,7987,10.859291076660156,11.291700054547773,9.125373802288948,
2032,tmin,south,7083,13.726580619812012,14.53188385530013,12.607385404796757,
2032,tmin,atlantic_coast,5458,13.46862506866455,14.295784478951383,12.580488429886689,
2032,tmin,mountains,3259,6.735619068145752,6.740866319762105,4.342219952363648,
2032,tmin,plains,7281,13.914896011352539,14.782469213917564,13.275987333306249,
2032,tmin,sahara,2351,15.583667755126953,16.59957819297333,15.082629738104096,
2032,prec,national,22155,223.31089782714844,227.58708641515867,310.23745397878525,
2032,prec,north,7085,326.2043762207031,361.1223852538482,468.58246281603294,
2032,prec,center,7987,230.07501220703125,226.06503067731288,301.1130830963266,
2032,prec,south,7083,112.76095581054688,95.73039672238147,162.13664395849682,
2032,prec,atlantic_coast,5458,149.516845703125,127.91648954967874,234.69058713411866,
2032,prec,mountains,3259,277.2740478515625,270.05345202145463,346.51131278931285,
2032,prec,plains,7281,210.21786499023438,235.04811143768904,331.6862311604633,
2032,prec,sahara,2351,69.98578643798828,43.38153976455223,87.14132694368749,
2032,vap,national,22155,1.06613290309906,1.0572418755430548,1.0157547819061175,
2032,vap,north,7085,1.1491283178329468,1.1731589861641811,1.13057767829222,
2032,vap,center,7987,0.9835731387138367,0.9323233797134741,0.9054845502662806,
2032,vap,south,7083,1.0762109756469727,1.0821538192731386,1.0252434334960996,
2032,vap,atlantic_coast,5458,1.2288999557495117,1.2816715220707675,1.2105940728588012,
2032,vap,mountains,3259,0.7743614912033081,0.6889342589276609,0.6645325175047383,
2032,vap,plains,7281,1.3179734945297241,1.4043084972030715,1.3369105887188537,
2032,vap,sahara,2351,1.2997386455535889,1.3674326176577791,1.3000922946293274,
2032,ws,national,22155,3.556962013244629,3.627775895557886,3.579721699131199,
2032,ws,north,7085,3.2175817489624023,3.2329146060052403,3.173755215066263,
2032,ws,center,7987,3.3579156398773193,3.4058292634692826,3.3671284825177774,
2032,ws,south,7083,4.120888710021973,4.273022258253377,4.225529204523191,
2032,ws,atlantic_coast,5458,3.87001371383667,4.0323439569766375,3.9372162973319615,
2032,ws,mountains,3259,3.2526156902313232,3.314564795064039,3.3157890268862253,
2032,ws,plains,7281,3.5939416885375977,3.686956916162177,3.5743424084319715,
2032,ws,sahara,2351,4.258084774017334,4.488001554752265,4.37964690568132,
2032,def,national,22155,1572.5172119140625,1602.4656059773085,1404.5040002089127,
2032,def,north,7085,1258.3131103515625,1221.427720570558,1024.6531869897856,
2032,def,center,7987,1529.791015625,1578.889996346207,1370.4070790390158,
2032,def,south,7083,1934.989501953125,2010.1956373524931,1822.9107658507994,
2032,def,atlantic_coast,5458,1628.892578125,1656.9502381985783,1461.6649402157002,
2032,def,mountains,3259,1311.4822998046875,1373.19831221208,1149.446259502251,
2032,def,plains,7281,1510.080322265625,1481.074289370336,1313.3883166133442,
2032,def,sahara,2351,1911.41552734375,1973.891153076769,1840.1810315924774,
2033,tmax,national,22155,26.003700256347656,26.375412994992207,24.28223552376399,
2033,tmax,north,7085,24.452537536621094,24.41751822960907,22.51241357142149,
2033,tmax,center,7987,25.526750564575195,25.99262968589187,23.648643577228025,
2033,tmax,south,7083,28.093124389648438,28.765498368777894,26.767014206430854,
2033,tmax,atlantic_coast,5458,26.089284896850586,26.37066843273207,24.58576209317581,
2033,tmax,mountains,3259,22.49489402770996,22.50799069086857,19.923080613543274,
2033,tmax,plains,7281,26.412151336669922,26.848149288804713,25.227611565410264,
2033,tmax,sahara,2351,28.26392936706543,28.843828860604308,27.353500121688093,
2033,tmin,national,22155,11.98804759979248,12.410689462181093,10.464084985911235,
2033,tmin,north,7085,11.427083015441895,11.551543168928468,9.8305337306713,
2033,tmin,center,7987,10.954124450683594,11.291700054547773,9.125373802288948,
2033,tmin,south,7083,13.715052604675293,14.53188385530013,12.607385404796757,
2033,tmin,atlantic_coast,5458,13.473831176757812,14.295784478951383,12.580488429886689,
2033,tmin,mountains,3259,6.9025750160217285,6.740866319762105,4.342219952363648,
2033,tmin,plains,7281,13.974836349487305,14.782469213917564,13.275987333306249,
2033,tmin,sahara,2351,15.471986770629883,16.59957819297333,15.082629738104096,
2033,prec,national,22155,213.88275146484375,227.58708641515867,310.23745397878525,
2033,prec,north,7085,305.95758056640625,361.1223852538482,468.58246281603294,
2033,prec,center,7987,222.38870239257812,226.06503067731288,301.1130830963266,
2033,prec,south,7083,112.19036865234375,95.73039672238147,162.13664395849682,
2033,prec,atlantic_coast,5458,152.56068420410156,127.91648954967874,234.69058713411866,
2033,prec,mountains,3259,265.9644470214844,270.05345202145463,346.51131278931285,
2033,prec,plains,7281,203.56590270996094,235.04811143768904,331.6862311604633,
2033,prec,sahara,2351,70.81285858154297,43.38153976455223,87.14132694368749,
2033,vap,national,22155,1.0658493041992188,1.0572418755430548,1.0157547819061175,
2033,vap,north,7085,1.1506699323654175,1.1731589861641811,1.13057767829222,
2033,vap,center,7987,0.9848514199256897,0.9323233797134741,0.9054845502662806,
2033,vap,south,7083,1.0723401308059692,1.0821538192731386,1.0252434334960996,
2033,vap,atlantic_coast,5458,1.2255496978759766,1.2816715220707675,1.2105940728588012,
2033,vap,mountains,3259,0.7751867175102234,0.6889342589276609,0.6645325175047383,
2033,vap,plains,7281,1.312784194946289,1.4043084972030715,1.3369105887188537,
2033,vap,sahara,2351,1.2870218753814697,1.3674326176577791,1.3000922946293274,
2033,ws,national,22155,3.542428731918335,3.627775895557886,3.579721699131199,
2033,ws,north,7085,3.210331678390503,3.2329146060052403,3.173755215066263,
2033,ws,center,7987,3.342606544494629,3.4058292634692826,3.3671284825177774,
2033,ws,south,7083,4.099944591522217,4.273022258253377,4.225529204523191,
2033,ws,atlantic_coast,5458,3.854233503341675,4.0323439569766375,3.9372162973319615,
2033,ws,mountains,3259,3.2526543140411377,3.314564795064039,3.3157890268862253,
2033,ws,plains,7281,3.577817678451538,3.686956916162177,3.5743424084319715,
2033,ws,sahara,2351,4.240809440612793,4.488001554752265,4.37964690568132,
2033,def,national,22155,1583.632568359375,1602.4656059773085,1404.5040002089127,
2033,def,north,7085,1287.185302734375,1221.427720570558,1024.6531869897856,
2033,def,center,7987,1537.2393798828125,1578.889996346207,1370.4070790390158,
2033,def,south,7083,1932.47802734375,2010.1956373524931,1822.9107658507994,
2033,def,atlantic_coast,5458,1627.996826171875,1656.9502381985783,1461.6649402157002,
2033,def,mountains,3259,1330.5057373046875,1373.19831221208,1149.446259502251,
2033,def,plains,7281,1521.51708984375,1481.074289370336,1313.3883166133442,
2033,def,sahara,2351,1910.087646484375,1973.891153076769,1840.1810315924774,
2034,tmax,national,22155,26.100767135620117,26.375412994992207,24.28223552376399,
2034,tmax,north,7085,24.60120391845703,24.41751822960907,22.51241357142149,
2034,tmax,center,7987,25.649158477783203,25.99262968589187,23.648643577228025,
2034,tmax,south,7083,28.10999870300293,28.765498368777894,26.767014206430854,
2034,tmax,atlantic_coast,5458,26.14645004272461,26.37066843273207,24.58576209317581,
2034,tmax,mountains,3259,22.672008514404297,22.50799069086857,19.923080613543274,
2034,tmax,plains,7281,26.455591201782227,26.848149288804713,25.227611565410264,
2034,tmax,sahara,2351,28.252893447875977,28.843828860604308,27.353500121688093,
2034,tmin,national,22155,12.043716430664062,12.410689462181093,10.464084985911235,
2034,tmin,north,7085,11.519087791442871,11.551543168928468,9.8305337306713,
2034,tmin,center,7987,11.026144981384277,11.291700054547773,9.125373802288948,
2034,tmin,south,7083,13.715938568115234,14.53188385530013,12.607385404796757,
2034,tmin,atlantic_coast,5458,13.5127534866333,14.295784478951383,12.580488429886689,
2034,tmin,mountains,3259,7.040772914886475,6.740866319762105,4.342219952363648,
2034,tmin,plains,7281,13.991005897521973,14.782469213917564,13.275987333306249,
2034,tmin,sahara,2351,15.418183326721191,16.59957819297333,15.082629738104096,
2034,prec,national,22155,221.49546813964844,227.58708641515867,310.23745397878525,
2034,prec,north,7085,321.660400390625,361.1223852538482,468.58246281603294,
2034,prec,center,7987,221.92465209960938,226.06503067731288,301.1130830963266,
2034,prec,south,7083,120.8182373046875,95.73039672238147,162.13664395849682,
2034,prec,atlantic_coast,5458,171.74134826660156,127.91648954967874,234.69058713411866,
2034,prec,mountains,3259,263.8194885253906,270.05345202145463,346.51131278931285,
2034,prec,plains,7281,234.3022918701172,235.04811143768904,331.6862311604633,
2034,prec,sahara,2351,77.79138946533203,43.38153976455223,87.14132694368749,
2034,vap,national,22155,1.0678062438964844,1.0572418755430548,1.0157547819061175,
2034,vap,north,7085,1.151864767074585,1.1731589861641811,1.13057767829222,
2034,vap,center,7987,0.987577497959137,0.9323233797134741,0.9054845502662806,
2034,vap,south,7083,1.0741925239562988,1.0821538192731386,1.0252434334960996,
2034,vap,atlantic_coast,5458,1.233997106552124,1.2816715220707675,1.2105940728588012,
2034,vap,mountains,3259,0.7765311002731323,0.6889342589276609,0.6645325175047383,
2034,vap,plains,7281,1.3190240859985352,1.4043084972030715,1.3369105887188537,
2034,vap,sahara,2351,1.286126732826233,1.3674326176577791,1.3000922946293274,
2034,ws,national,22155,3.5337159633636475,3.627775895557886,3.579721699131199,
2034,ws,north,7085,3.2073323726654053,3.2329146060052403,3.173755215066263,
2034,ws,center,7987,3.336425542831421,3.4058292634692826,3.3671284825177774,
2034,ws,south,7083,4.082662582397461,4.273022258253377,4.225529204523191,
2034,ws,atlantic_coast,5458,3.839569330215454,4.0323439569766375,3.9372162973319615,
2034,ws,mountains,3259,3.2603142261505127,3.314564795064039,3.3157890268862253,
2034,ws,plains,7281,3.567995309829712,3.686956916162177,3.5743424084319715,
2034,ws,sahara,2351,4.214305400848389,4.488001554752265,4.37964690568132,
2034,def,national,22155,1583.8978271484375,1602.4656059773085,1404.5040002089127,
2034,def,north,7085,1289.0098876953125,1221.427720570558,1024.6531869897856,
2034,def,center,7987,1544.8426513671875,1578.889996346207,1370.4070790390158,
2034,def,south,7083,1922.90869140625,2010.1956373524931,1822.9107658507994,
2034,def,atlantic_coast,5458,1610.859619140625,1656.9502381985783,1461.6649402157002,
2034,def,mountains,3259,1347.12890625,1373.19831221208,1149.446259502251,
2034,def,plains,7281,1497.416015625,1481.074289370336,1313.3883166133442,
2034,def,sahara,2351,1899.919189453125,1973.891153076769,1840.1810315924774,
2035,tmax,national,22155,26.095354080200195,26.375412994992207,24.28223552376399,
2035,tmax,north,7085,24.58013916015625,24.41751822960907,22.51241357142149,
2035,tmax,center,7987,25.68277359008789,25.99262968589187,23.648643577228025,
2035,tmax,south,7083,28.076234817504883,28.765498368777894,26.767014206430854,
2035,tmax,atlantic_coast,5458,26.115833282470703,26.37066843273207,24.58576209317581,
2035,tmax,mountains,3259,22.67981719970703,22.50799069086857,19.923080613543274,
2035,tmax,plains,7281,26.4179630279541,26.848149288804713,25.227611565410264,
2035,tmax,sahara,2351,28.225448608398438,28.843828860604308,27.353500121688093,
2035,tmin,national,22155,11.975823402404785,12.410689462181093,10.464084985911235,
2035,tmin,north,7085,11.426916122436523,11.551543168928468,9.8305337306713,
2035,tmin,center,7987,10.968656539916992,11.291700054547773,9.125373802288948,
2035,tmin,south,7083,13.660600662231445,14.53188385530013,12.607385404796757,
2035,tmin,atlantic_coast,5458,13.493016242980957,14.295784478951383,12.580488429886689,
2035,tmin,mountains,3259,6.945713043212891,6.740866319762105,4.342219952363648,
2035,tmin,plains,7281,13.929754257202148,14.782469213917564,13.275987333306249,
2035,tmin,sahara,2351,15.377123832702637,16.59957819297333,15.082629738104096,
2035,prec,national,22155,247.89300537109375,227.58708641515867,310.23745397878525,
2035,prec,north,7085,370.8578796386719,361.1223852538482,468.58246281603294,
2035,prec,center,7987,241.36557006835938,226.06503067731288,301.1130830963266,
2035,prec,south,7083,132.2539825439453,95.73039672238147,162.13664395849682,
2035,prec,atlantic_coast,5458,197.8728485107422,127.91648954967874,234.69058713411866,
2035,prec,mountains,3259,287.16131591796875,270.05345202145463,346.51131278931285,
2035,prec,plains,7281,281.6210632324219,235.04811143768904,331.6862311604633,
2035,prec,sahara,2351,82.1431655883789,43.38153976455223,87.14132694368749,
2035,vap,national,22155,1.0694469213485718,1.0572418755430548,1.0157547819061175,
2035,vap,north,7085,1.1543089151382446,1.1731589861641811,1.13057767829222,
2035,vap,center,7987,0.9883838295936584,0.9323233797134741,0.9054845502662806,
2035,vap,south,7083,1.0759702920913696,1.0821538192731386,1.0252434334960996,
2035,vap,atlantic_coast,5458,1.2417199611663818,1.2816715220707675,1.2105940728588012,
2035,vap,mountains,3259,0.7727686762809753,0.6889342589276609,0.6645325175047383,
2035,vap,plains,7281,1.3268293142318726,1.4043084972030715,1.3369105887188537,
2035,vap,sahara,2351,1.2888367176055908,1.3674326176577791,1.3000922946293274,
2035,ws,national,22155,3.5483462810516357,3.627775895557886,3.579721699131199,
2035,ws,north,7085,3.209057331085205,3.2329146060052403,3.173755215066263,
2035,ws,center,7987,3.3630685806274414,3.4058292634692826,3.3671284825177774,
2035,ws,south,7083,4.096655368804932,4.273022258253377,4.225529204523191,
2035,ws,atlantic_coast,5458,3.851741313934326,4.0323439569766375,3.9372162973319615,
2035,ws,mountains,3259,3.295881986618042,3.314564795064039,3.3157890268862253,
2035,ws,plains,7281,3.566646099090576,3.686956916162177,3.5743424084319715,
2035,ws,sahara,2351,4.2062883377075195,4.488001554752265,4.37964690568132,
2035,def,national,22155,1564.6451416015625,1602.4656059773085,1404.5040002089127,
2035,def,north,7085,1252.609130859375,1221.427720570558,1024.6531869897856,
2035,def,center,7987,1533.397216796875,1578.889996346207,1370.4070790390158,
2035,def,south,7083,1912.0047607421875,2010.1956373524931,1822.9107658507994,
2035,def,atlantic_coast,5458,1586.52294921875,1656.9502381985783,1461.6649402157002,
2035,def,mountains,3259,1336.8349609375,1373.19831221208,1149.446259502251,
2035,def,plains,7281,1456.120361328125,1481.074289370336,1313.3883166133442,
2035,def,sahara,2351,1891.2760009765625,1973.891153076769,1840.1810315924774,
2036,tmax,national,22155,26.10051918029785,26.375412994992207,24.28223552376399,
2036,tmax,north,7085,24.55571174621582,24.41751822960907,22.51241357142149,
2036,tmax,center,7987,25.7038516998291,25.99262968589187,23.648643577228025,
2036,tmax,south,7083,28.09305763244629,28.765498368777894,26.767014206430854,
2036,tmax,atlantic_coast,5458,26.120840072631836,26.37066843273207,24.58576209317581,
2036,tmax,mountains,3259,22.673189163208008,22.50799069086857,19.923080613543274,
2036,tmax,plains,7281,26.37796401977539,26.848149288804713,25.227611565410264,
2036,tmax,sahara,2351,28.232311248779297,28.843828860604308,27.353500121688093,
2036,tmin,national,22155,11.932415008544922,12.410689462181093,10.464084985911235,
2036,tmin,north,7085,11.308004379272461,11.551543168928468,9.8305337306713,
2036,tmin,center,7987,10.953045845031738,11.291700054547773,9.125373802288948,
2036,tmin,south,7083,13.661370277404785,14.53188385530013,12.607385404796757,
2036,tmin,atlantic_coast,5458,13.464369773864746,14.295784478951383,12.580488429886689,
2036,tmin,mountains,3259,6.880528926849365,6.740866319762105,4.342219952363648,
2036,tmin,plains,7281,13.829565048217773,14.782469213917564,13.275987333306249,
2036,tmin,sahara,2351,15.382247924804688,16.59957819297333,15.082629738104096,
2036,prec,national,22155,240.535888671875,227.58708641515867,310.23745397878525,
2036,prec,north,7085,369.8345031738281,361.1223852538482,468.58246281603294,
2036,prec,center,7987,225.01333618164062,226.06503067731288,301.1130830963266,
2036,prec,south,7083,128.7044219970703,95.73039672238147,162.13664395849682,
2036,prec,atlantic_coast,5458,179.54287719726562,127.91648954967874,234.69058713411866,
2036,prec,mountains,3259,286.5933532714844,270.05345202145463,346.51131278931285,
2036,prec,plains,7281,268.58929443359375,235.04811143768904,331.6862311604633,
2036,prec,sahara,2351,81.64884948730469,43.38153976455223,87.14132694368749,
2036,vap,national,22155,1.0658187866210938,1.0572418755430548,1.0157547819061175,
2036,vap,north,7085,1.146964192390442,1.1731589861641811,1.13057767829222,
2036,vap,center,7987,0.9856497645378113,0.9323233797134741,0.9054845502662806,
2036,vap,south,7083,1.075051188468933,1.0821538192731386,1.0252434334960996,
2036,vap,atlantic_coast,5458,1.2380069494247437,1.2816715220707675,1.2105940728588012,
2036,vap,mountains,3259,0.7706674337387085,0.6889342589276609,0.6645325175047383,
2036,vap,plains,7281,1.3177225589752197,1.4043084972030715,1.3369105887188537,
2036,vap,sahara,2351,1.288469910621643,1.3674326176577791,1.3000922946293274,
2036,ws,national,22155,3.5545220375061035,3.627775895557886,3.579721699131199,
2036,ws,north,7085,3.202627182006836,3.2329146060052403,3.173755215066263,
2036,ws,center,7987,3.3767523765563965,3.4058292634692826,3.3671284825177774,
2036,ws,south,7083,4.1069746017456055,4.273022258253377,4.225529204523191,
2036,ws,atlantic_coast,5458,3.848600149154663,4.0323439569766375,3.9372162973319615,
2036,ws,mountains,3259,3.3120625019073486,3.314564795064039,3.3157890268862253,
2036,ws,plains,7281,3.5552749633789062,3.686956916162177,3.5743424084319715,
2036,ws,sahara,2351,4.201881408691406,4.488001554752265,4.37964690568132,
2036,def,national,22155,1573.3048095703125,1602.4656059773085,1404.5040002089127,
2036,def,north,7085,1253.8240966796875,1221.427720570558,1024.6531869897856,
2036,def,center,7987,1550.8248291015625,1578.889996346207,1370.4070790390158,
2036,def,south,7083,1918.224853515625,2010.1956373524931,1822.9107658507994,
2036,def,atlantic_coast,5458,1599.9088134765625,1656.9502381985783,1461.6649402157002,
2036,def,mountains,3259,1338.794677734375,1373.19831221208,1149.446259502251,
2036,def,plains,7281,1465.070068359375,1481.074289370336,1313.3883166133442,
2036,def,sahara,2351,1891.7779541015625,1973.891153076769,1840.1810315924774,
2037,tmax,national,22155,26.09291648864746,26.375412994992207,24.28223552376399,
2037,tmax,north,7085,24.51837158203125,24.41751822960907,22.51241357142149,
2037,tmax,center,7987,25.708362579345703,25.99262968589187,23.648643577228025,
2037,tmax,south,7083,28.10154151916504,28.765498368777894,26.767014206430854,
2037,tmax,atlantic_coast,5458,26.118289947509766,26.37066843273207,24.58576209317581,
2037,tmax,mountains,3259,22.663658142089844,22.50799069086857,19.923080613543274,
2037,tmax,plains,7281,26.365779876708984,26.848149288804713,25.227611565410264,
2037,tmax,sahara,2351,28.19896697998047,28.843828860604308,27.353500121688093,
2037,tmin,national,22155,11.845551490783691,12.410689462181093,10.464084985911235,
2037,tmin,north,7085,11.127028465270996,11.551543168928468,9.8305337306713,
2037,tmin,center,7987,10.88533878326416,11.291700054547773,9.125373802288948,
2037,tmin,south,7083,13.647035598754883,14.53188385530013,12.607385404796757,
2037,tmin,atlantic_coast,5458,13.41405963897705,14.295784478951383,12.580488429886689,
2037,tmin,mountains,3259,6.8473639488220215,6.740866319762105,4.342219952363648,
2037,tmin,plains,7281,13.715373992919922,14.782469213917564,13.275987333306249,
2037,tmin,sahara,2351,15.368987083435059,16.59957819297333,15.082629738104096,
2037,prec,national,22155,234.4903564453125,227.58708641515867,310.23745397878525,
2037,prec,north,7085,353.02716064453125,361.1223852538482,468.58246281603294,
2037,prec,center,7987,228.32315063476562,226.06503067731288,301.1130830963266,
2037,prec,south,7083,122.87442779541016,95.73039672238147,162.13664395849682,
2037,prec,atlantic_coast,5458,168.2405548095703,127.91648954967874,234.69058713411866,
2037,prec,mountains,3259,297.6829833984375,270.05345202145463,346.51131278931285,
2037,prec,plains,7281,242.05978393554688,235.04811143768904,331.6862311604633,
2037,prec,sahara,2351,73.48280334472656,43.38153976455223,87.14132694368749,
2037,vap,national,22155,1.06083083152771,1.0572418755430548,1.0157547819061175,
2037,vap,north,7085,1.1384352445602417,1.1731589861641811,1.13057767829222,
2037,vap,center,7987,0.9827157855033875,0.9323233797134741,0.9054845502662806,
2037,vap,south,7083,1.0712894201278687,1.0821538192731386,1.0252434334960996,
2037,vap,atlantic_coast,5458,1.2309085130691528,1.2816715220707675,1.2105940728588012,
2037,vap,mountains,3259,0.7742538452148438,0.6889342589276609,0.6645325175047383,
2037,vap,plains,7281,1.3074394464492798,1.4043084972030715,1.3369105887188537,
2037,vap,sahara,2351,1.2855619192123413,1.3674326176577791,1.3000922946293274,
2037,ws,national,22155,3.58227801322937,3.627775895557886,3.579721699131199,
2037,ws,north,7085,3.2054202556610107,3.2329146060052403,3.173755215066263,
2037,ws,center,7987,3.416044235229492,3.4058292634692826,3.3671284825177774,
2037,ws,south,7083,4.146692276000977,4.273022258253377,4.225529204523191,
2037,ws,atlantic_coast,5458,3.8744876384735107,4.0323439569766375,3.9372162973319615,
2037,ws,mountains,3259,3.3398680686950684,3.314564795064039,3.3157890268862253,
2037,ws,plains,7281,3.5672247409820557,3.686956916162177,3.5743424084319715,
2037,ws,sahara,2351,4.231132984161377,4.488001554752265,4.37964690568132,
2037,def,national,22155,1579.2498779296875,1602.4656059773085,1404.5040002089127,
2037,def,north,7085,1255.866455078125,1221.427720570558,1024.6531869897856,
2037,def,center,7987,1553.943603515625,1578.889996346207,1370.4070790390158,
2037,def,south,7083,1931.2598876953125,2010.1956373524931,1822.9107658507994,
2037,def,atlantic_coast,5458,1614.2647705078125,1656.9502381985783,1461.6649402157002,
2037,def,mountains,3259,1329.498046875,1373.19831221208,1149.446259502251,
2037,def,plains,7281,1482.51806640625,1481.074289370336,1313.3883166133442,
2037,def,sahara,2351,1900.7601318359375,1973.891153076769,1840.1810315924774,
2038,tmax,national,22155,26.060714721679688,26.375412994992207,24.28223552376399,
2038,tmax,north,7085,24.445262908935547,24.41751822960907,22.51241357142149,
2038,tmax,center,7987,25.665719985961914,25.99262968589187,23.648643577228025,
2038,tmax,south,7083,28.122026443481445,28.765498368777894,26.767014206430854,
2038,tmax,atlantic_coast,5458,26.120121002197266,26.37066843273207,24.58576209317581,
2038,tmax,mountains,3259,22.60701560974121,22.50799069086857,19.923080613543274,
2038,tmax,plains,7281,26.373716354370117,26.848149288804713,25.227611565410264,
2038,tmax,sahara,2351,28.183300018310547,28.843828860604308,27.353500121688093,
2038,tmin,national,22155,11.787711143493652,12.410689462181093,10.464084985911235,
2038,tmin,north,7085,11.026704788208008,11.551543168928468,9.8305337306713,
2038,tmin,center,7987,10.803632736206055,11.291700054547773,9.125373802288948,
2038,tmin,south,7083,13.658608436584473,14.53188385530013,12.607385404796757,
2038,tmin,atlantic_coast,5458,13.380589485168457,14.295784478951383,12.580488429886689,
2038,tmin,mountains,3259,6.877377033233643,6.740866319762105,4.342219952363648,
2038,tmin,plains,7281,13.67343521118164,14.782469213917564,13.275987333306249,
2038,tmin,sahara,2351,15.369179725646973,16.59957819297333,15.082629738104096,
2038,prec,national,22155,245.1053009033203,227.58708641515867,310.23745397878525,
2038,prec,north,7085,366.3395080566406,361.1223852538482,468.58246281603294,
2038,prec,center,7987,246.83665466308594,226.06503067731288,301.1130830963266,
2038,prec,south,7083,121.88457489013672,95.73039672238147,162.13664395849682,
2038,prec,atlantic_coast,5458,169.60855102539062,127.91648954967874,234.69058713411866,
2038,prec,mountains,3259,319.6830749511719,270.05345202145463,346.51131278931285,
2038,prec,plains,7281,242.1370391845703,235.04811143768904,331.6862311604633,
2038,prec,sahara,2351,68.39771270751953,43.38153976455223,87.14132694368749,
2038,vap,national,22155,1.0587385892868042,1.0572418755430548,1.0157547819061175,
2038,vap,north,7085,1.1364502906799316,1.1731589861641811,1.13057767829222,
2038,vap,center,7987,0.9814485907554626,0.9323233797134741,0.9054845502662806,
2038,vap,south,7083,1.068159580230713,1.0821538192731386,1.0252434334960996,
2038,vap,atlantic_coast,5458,1.224189281463623,1.2816715220707675,1.2105940728588012,
2038,vap,mountains,3259,0.7849295735359192,0.6889342589276609,0.6645325175047383,
2038,vap,plains,7281,1.3022794723510742,1.4043084972030715,1.3369105887188537,
2038,vap,sahara,2351,1.2826132774353027,1.3674326176577791,1.3000922946293274,
2038,ws,national,22155,3.6199982166290283,3.627775895557886,3.579721699131199,
2038,ws,north,7085,3.223639726638794,3.2329146060052403,3.173755215066263,
2038,ws,center,7987,3.4579861164093018,3.4058292634692826,3.3671284825177774,
2038,ws,south,7083,4.19915771484375,4.273022258253377,4.225529204523191,
2038,ws,atlantic_coast,5458,3.912661075592041,4.0323439569766375,3.9372162973319615,
2038,ws,mountains,3259,3.364497184753418,3.314564795064039,3.3157890268862253,
2038,ws,plains,7281,3.6004602909088135,3.686956916162177,3.5743424084319715,
2038,ws,sahara,2351,4.275643348693848,4.488001554752265,4.37964690568132,
2038,def,national,22155,1575.2076416015625,1602.4656059773085,1404.5040002089127,
2038,def,north,7085,1243.309814453125,1221.427720570558,1024.6531869897856,
2038,def,center,7987,1542.364501953125,1578.889996346207,1370.4070790390158,
2038,def,south,7083,1944.2337646484375,2010.1956373524931,1822.9107658507994,
2038,def,atlantic_coast,5458,1622.23876953125,1656.9502381985783,1461.6649402157002,
2038,def,mountains,3259,1306.7659912109375,1373.19831221208,1149.446259502251,
2038,def,plains,7281,1490.2095947265625,1481.074289370336,1313.3883166133442,
2038,def,sahara,2351,1910.84619140625,1973.891153076769,1840.1810315924774,
2039,tmax,national,22155,25.93587875366211,26.375412994992207,24.28223552376399,
2039,tmax,north,7085,24.238262176513672,24.41751822960907,22.51241357142149,
2039,tmax,center,7987,25.45657730102539,25.99262968589187,23.648643577228025,
2039,tmax,south,7083,28.174442291259766,28.765498368777894,26.767014206430854,
2039,tmax,atlantic_coast,5458,26.11492347717285,26.37066843273207,24.58576209317581,
2039,tmax,mountains,3259,22.445972442626953,22.50799069086857,19.923080613543274,
2039,tmax,plains,7281,26.35069465637207,26.848149288804713,25.227611565410264,
2039,tmax,sahara,2351,28.25696563720703,28.843828860604308,27.353500121688093,
2039,tmin,national,22155,11.730192184448242,12.410689462181093,10.464084985911235,
2039,tmin,north,7085,10.921770095825195,11.551543168928468,9.8305337306713,
2039,tmin,center,7987,10.696524620056152,11.291700054547773,9.125373802288948,
2039,tmin,south,7083,13.704436302185059,14.53188385530013,12.607385404796757,
2039,tmin,atlantic_coast,5458,13.380098342895508,14.295784478951383,12.580488429886689,
2039,tmin,mountains,3259,6.92559289932251,6.740866319762105,4.342219952363648,
2039,tmin,plains,7281,13.685613632202148,14.782469213917564,13.275987333306249,
2039,tmin,sahara,2351,15.409782409667969,16.59957819297333,15.082629738104096,
2039,prec,national,22155,260.6346435546875,227.58708641515867,310.23745397878525,
2039,prec,north,7085,396.7445983886719,361.1223852538482,468.58246281603294,
2039,prec,center,7987,266.2579040527344,226.06503067731288,301.1130830963266,
2039,prec,south,7083,118.14527893066406,95.73039672238147,162.13664395849682,
2039,prec,atlantic_coast,5458,167.1683807373047,127.91648954967874,234.69058713411866,
2039,prec,mountains,3259,339.8895263671875,270.05345202145463,346.51131278931285,
2039,prec,plains,7281,248.36329650878906,235.04811143768904,331.6862311604633,
2039,prec,sahara,2351,63.334068298339844,43.38153976455223,87.14132694368749,
2039,vap,national,22155,1.0612454414367676,1.0572418755430548,1.0157547819061175,
2039,vap,north,7085,1.1401723623275757,1.1731589861641811,1.13057767829222,
2039,vap,center,7987,0.9846628308296204,0.9323233797134741,0.9054845502662806,
2039,vap,south,7083,1.0686529874801636,1.0821538192731386,1.0252434334960996,
2039,vap,atlantic_coast,5458,1.2212761640548706,1.2816715220707675,1.2105940728588012,
2039,vap,mountains,3259,0.8023134469985962,0.6889342589276609,0.6645325175047383,
2039,vap,plains,7281,1.3020154237747192,1.4043084972030715,1.3369105887188537,
2039,vap,sahara,2351,1.2817496061325073,1.3674326176577791,1.3000922946293274,
2039,ws,national,22155,3.634982109069824,3.627775895557886,3.579721699131199,
2039,ws,north,7085,3.2317614555358887,3.2329146060052403,3.173755215066263,
2039,ws,center,7987,3.468019962310791,3.4058292634692826,3.3671284825177774,
2039,ws,south,7083,4.226588249206543,4.273022258253377,4.225529204523191,
2039,ws,atlantic_coast,5458,3.928846597671509,4.0323439569766375,3.9372162973319615,
2039,ws,mountains,3259,3.3560104370117188,3.314564795064039,3.3157890268862253,
2039,ws,plains,7281,3.627106189727783,3.686956916162177,3.5743424084319715,
2039,ws,sahara,2351,4.296860694885254,4.488001554752265,4.37964690568132,
2039,def,national,22155,1555.62939453125,1602.4656059773085,1404.5040002089127,
2039,def,north,7085,1204.5777587890625,1221.427720570558,1024.6531869897856,
2039,def,center,7987,1510.912353515625,1578.889996346207,1370.4070790390158,
2039,def,south,7083,1957.204345703125,2010.1956373524931,1822.9107658507994,
2039,def,atlantic_coast,5458,1627.896240234375,1656.9502381985783,1461.6649402157002,
2039,def,mountains,3259,1270.4796142578125,1373.19831221208,1149.446259502251,
2039,def,plains,7281,1489.1185302734375,1481.074289370336,1313.3883166133442,
2039,def,sahara,2351,1925.8741455078125,1973.891153076769,1840.1810315924774,
2040,tmax,national,22155,25.96430206298828,26.375412994992207,24.28223552376399,
2040,tmax,north,7085,24.239824295043945,24.41751822960907,22.51241357142149,
2040,tmax,center,7987,25.474416732788086,25.99262968589187,23.648643577228025,
2040,tmax,south,7083,28.241674423217773,28.765498368777894,26.767014206430854,
2040,tmax,atlantic_coast,5458,26.150615692138672,26.37066843273207,24.58576209317581,
2040,tmax,mountains,3259,22.493379592895508,22.50799069086857,19.923080613543274,
2040,tmax,plains,7281,26.348264694213867,26.848149288804713,25.227611565410264,
2040,tmax,sahara,2351,28.33439826965332,28.843828860604308,27.353500121688093,
2040,tmin,national,22155,11.771015167236328,12.410689462181093,10.464084985911235,
2040,tmin,north,7085,10.943464279174805,11.551543168928468,9.8305337306713,
2040,tmin,center,7987,10.716794967651367,11.291700054547773,9.125373802288948,
2040,tmin,south,7083,13.78757095336914,14.53188385530013,12.607385404796757,
2040,tmin,atlantic_coast,5458,13.431412696838379,14.295784478951383,12.580488429886689,
2040,tmin,mountains,3259,6.922241687774658,6.740866319762105,4.342219952363648,
2040,tmin,plains,7281,13.712933540344238,14.782469213917564,13.275987333306249,
2040,tmin,sahara,2351,15.458271980285645,16.59957819297333,15.082629738104096,
2040,prec,national,22155,270.1604919433594,227.58708641515867,310.23745397878525,
2040,prec,north,7085,421.8348693847656,361.1223852538482,468.58246281603294,
2040,prec,center,7987,271.5453186035156,226.06503067731288,301.1130830963266,
2040,prec,south,7083,116.88180541992188,95.73039672238147,162.13664395849682,
2040,prec,atlantic_coast,5458,174.12901306152344,127.91648954967874,234.69058713411866,
2040,prec,mountains,3259,334.9189453125,270.05345202145463,346.51131278931285,
2040,prec,plains,7281,271.2298583984375,235.04811143768904,331.6862311604633,
2040,prec,sahara,2351,63.90169143676758,43.38153976455223,87.14132694368749,
2040,vap,national,22155,1.0641385316848755,1.0572418755430548,1.0157547819061175,
2040,vap,north,7085,1.141830563545227,1.1731589861641811,1.13057767829222,
2040,vap,center,7987,0.9870491623878479,0.9323233797134741,0.9054845502662806,
2040,vap,south,7083,1.0733531713485718,1.0821538192731386,1.0252434334960996,
2040,vap,atlantic_coast,5458,1.2247389554977417,1.2816715220707675,1.2105940728588012,
2040,vap,mountains,3259,0.8011467456817627,0.6889342589276609,0.6645325175047383,
2040,vap,plains,7281,1.3042703866958618,1.4043084972030715,1.3369105887188537,
2040,vap,sahara,2351,1.282484769821167,1.3674326176577791,1.3000922946293274,
2040,ws,national,22155,3.632736921310425,3.627775895557886,3.579721699131199,
2040,ws,north,7085,3.241065740585327,3.2329146060052403,3.173755215066263,
2040,ws,center,7987,3.4702885150909424,3.4058292634692826,3.3671284825177774,
2040,ws,south,7083,4.207700729370117,4.273022258253377,4.225529204523191,
2040,ws,atlantic_coast,5458,3.913876533508301,4.0323439569766375,3.9372162973319615,
2040,ws,mountains,3259,3.349668025970459,3.314564795064039,3.3157890268862253,
2040,ws,plains,7281,3.6220343112945557,3.686956916162177,3.5743424084319715,
2040,ws,sahara,2351,4.267417907714844,4.488001554752265,4.37964690568132,
2040,def,national,22155,1550.2772216796875,1602.4656059773085,1404.5040002089127,
2040,def,north,7085,1188.9171142578125,1221.427720570558,1024.6531869897856,
2040,def,center,7987,1507.41943359375,1578.889996346207,1370.4070790390158,
2040,def,south,7083,1960.06689453125,2010.1956373524931,1822.9107658507994,
2040,def,atlantic_coast,5458,1623.2142333984375,1656.9502381985783,1461.6649402157002,
2040,def,mountains,3259,1276.291259765625,1373.19831221208,1149.446259502251,
2040,def,plains,7281,1472.42626953125,1481.074289370336,1313.3883166133442,
2040,def,sahara,2351,1928.267333984375,1973.891153076769,1840.1810315924774,
2041,tmax,national,22155,25.945030212402344,26.375412994992207,24.28223552376399,
2041,tmax,north,7085,24.194168090820312,24.41751822960907,22.51241357142149,
2041,tmax,center,7987,25.433889389038086,25.99262968589187,23.648643577228025,
2041,tmax,south,7083,28.27276611328125,28.765498368777894,26.767014206430854,
2041,tmax,atlantic_coast,5458,26.17319107055664,26.37066843273207,24.58576209317581,
2041,tmax,mountains,3259,22.48802375793457,22.50799069086857,19.923080613543274,
2041,tmax,plains,7281,26.329530715942383,26.848149288804713,25.227611565410264,
2041,tmax,sahara,2351,28.379472732543945,28.843828860604308,27.353500121688093,
2041,tmin,national,22155,11.799020767211914,12.410689462181093,10.464084985911235,
2041,tmin,north,7085,10.972858428955078,11.551543168928468,9.8305337306713,
2041,tmin,center,7987,10.729094505310059,11.291700054547773,9.125373802288948,
2041,tmin,south,7083,13.831899642944336,14.53188385530013,12.607385404796757,
2041,tmin,atlantic_coast,5458,13.496031761169434,14.295784478951383,12.580488429886689,
2041,tmin,mountains,3259,6.950425624847412,6.740866319762105,4.342219952363648,
2041,tmin,plains,7281,13.764775276184082,14.782469213917564,13.275987333306249,
2041,tmin,sahara,2351,15.502091407775879,16.59957819297333,15.082629738104096,
2041,prec,national,22155,279.494384765625,227.58708641515867,310.23745397878525,
2041,prec,north,7085,444.77862548828125,361.1223852538482,468.58246281603294,
2041,prec,center,7987,275.7505798339844,226.06503067731288,301.1130830963266,
2041,prec,south,7083,118.38519287109375,95.73039672238147,162.13664395849682,
2041,prec,atlantic_coast,5458,181.9027862548828,127.91648954967874,234.69058713411866,
2041,prec,mountains,3259,322.6905822753906,270.05345202145463,346.51131278931285,
2041,prec,plains,7281,294.1007385253906,235.04811143768904,331.6862311604633,
2041,prec,sahara,2351,66.03321838378906,43.38153976455223,87.14132694368749,
2041,vap,national,22155,1.0662158727645874,1.0572418755430548,1.0157547819061175,
2041,vap,north,7085,1.1406691074371338,1.1731589861641811,1.13057767829222,
2041,vap,center,7987,0.9893244504928589,0.9323233797134741,0.9054845502662806,
2041,vap,south,7083,1.078446626663208,1.0821538192731386,1.0252434334960996,
2041,vap,atlantic_coast,5458,1.2300519943237305,1.2816715220707675,1.2105940728588012,
2041,vap,mountains,3259,0.8000207543373108,0.6889342589276609,0.6645325175047383,
2041,vap,plains,7281,1.3090382814407349,1.4043084972030715,1.3369105887188537,
2041,vap,sahara,2351,1.2870784997940063,1.3674326176577791,1.3000922946293274,
2041,ws,national,22155,3.640806198120117,3.627775895557886,3.579721699131199,
2041,ws,north,7085,3.25858998298645,3.2329146060052403,3.173755215066263,
2041,ws,center,7987,3.478332042694092,3.4058292634692826,3.3671284825177774,
2041,ws,south,7083,4.206341743469238,4.273022258253377,4.225529204523191,
2041,ws,atlantic_coast,5458,3.912842273712158,4.0323439569766375,3.9372162973319615,
2041,ws,mountains,3259,3.349632978439331,3.314564795064039,3.3157890268862253,
2041,ws,plains,7281,3.6272382736206055,3.686956916162177,3.5743424084319715,
2041,ws,sahara,2351,4.259084701538086,4.488001554752265,4.37964690568132,
2041,def,national,22155,1544.6534423828125,1602.4656059773085,1404.5040002089127,
2041,def,north,7085,1177.800048828125,1221.427720570558,1024.6531869897856,
2041,def,center,7987,1502.13671875,1578.889996346207,1370.4070790390158,
2041,def,south,7083,1959.5535888671875,2010.1956373524931,1822.9107658507994,
2041,def,atlantic_coast,5458,1616.0875244140625,1656.9502381985783,1461.6649402157002,
2041,def,mountains,3259,1287.8033447265625,1373.19831221208,1149.446259502251,
2041,def,plains,7281,1457.1025390625,1481.074289370336,1313.3883166133442,
2041,def,sahara,2351,1927.212646484375,1973.891153076769,1840.1810315924774,
2042,tmax,national,22155,25.967504501342773,26.375412994992207,24.28223552376399,
2042,tmax,north,7085,24.175559997558594,24.41751822960907,22.51241357142149,
2042,tmax,center,7987,25.455169677734375,25.99262968589187,23.648643577228025,
2042,tmax,south,7083,28.337678909301758,28.765498368777894,26.767014206430854,
2042,tmax,atlantic_coast,5458,26.176345825195312,26.37066843273207,24.58576209317581,
2042,tmax,mountains,3259,22.520784378051758,22.50799069086857,19.923080613543274,
2042,tmax,plains,7281,26.301773071289062,26.848149288804713,25.227611565410264,
2042,tmax,sahara,2351,28.425813674926758,28.843828860604308,27.353500121688093,
2042,tmin,national,22155,11.835328102111816,12.410689462181093,10.464084985911235,
2042,tmin,north,7085,10.970333099365234,11.551543168928468,9.8305337306713,
2042,tmin,center,7987,10.757659912109375,11.291700054547773,9.125373802288948,
2042,tmin,south,7083,13.915777206420898,14.53188385530013,12.607385404796757,
2042,tmin,atlantic_coast,5458,13.519354820251465,14.295784478951383,12.580488429886689,
2042,tmin,mountains,3259,6.97545862197876,6.740866319762105,4.342219952363648,
2042,tmin,plains,7281,13.748028755187988,14.782469213917564,13.275987333306249,
2042,tmin,sahara,2351,15.544422149658203,16.59957819297333,15.082629738104096,
2042,prec,national,22155,263.67706298828125,227.58708641515867,310.23745397878525,
2042,prec,north,7085,418.08935546875,361.1223852538482,468.58246281603294,
2042,prec,center,7987,258.7230529785156,226.06503067731288,301.1130830963266,
2042,prec,south,7083,114.80740356445312,95.73039672238147,162.13664395849682,
2042,prec,atlantic_coast,5458,176.14881896972656,127.91648954967874,234.69058713411866,
2042,prec,mountains,3259,303.8227233886719,270.05345202145463,346.51131278931285,
2042,prec,plains,7281,274.6986083984375,235.04811143768904,331.6862311604633,
2042,prec,sahara,2351,66.44429016113281,43.38153976455223,87.14132694368749,
2042,vap,national,22155,1.0645854473114014,1.0572418755430548,1.0157547819061175,
2042,vap,north,7085,1.1350761651992798,1.1731589861641811,1.13057767829222,
2042,vap,center,7987,0.9858269691467285,0.9323233797134741,0.9054845502662806,
2042,vap,south,7083,1.0828852653503418,1.0821538192731386,1.0252434334960996,
2042,vap,atlantic_coast,5458,1.231991171836853,1.2816715220707675,1.2105940728588012,
2042,vap,mountains,3259,0.7935857176780701,0.6889342589276609,0.6645325175047383,
2042,vap,plains,7281,1.3085548877716064,1.4043084972030715,1.3369105887188537,
2042,vap,sahara,2351,1.2912359237670898,1.3674326176577791,1.3000922946293274,
2042,ws,national,22155,3.639090061187744,3.627775895557886,3.579721699131199,
2042,ws,north,7085,3.2580554485321045,3.2329146060052403,3.173755215066263,
2042,ws,center,7987,3.480398416519165,3.4058292634692826,3.3671284825177774,
2042,ws,south,7083,4.199177265167236,4.273022258253377,4.225529204523191,
2042,ws,atlantic_coast,5458,3.901428699493408,4.0323439569766375,3.9372162973319615,
2042,ws,mountains,3259,3.3475306034088135,3.314564795064039,3.3157890268862253,
2042,ws,plains,7281,3.6127023696899414,3.686956916162177,3.5743424084319715,
2042,ws,sahara,2351,4.2485456466674805,4.488001554752265,4.37964690568132,
2042,def,national,22155,1559.34130859375,1602.4656059773085,1404.5040002089127,
2042,def,north,7085,1198.0869140625,1221.427720570558,1024.6531869897856,
2042,def,center,7987,1519.625732421875,1578.889996346207,1370.4070790390158,
2042,def,south,7083,1965.4818115234375,2010.1956373524931,1822.9107658507994,
2042,def,atlantic_coast,5458,1617.72412109375,1656.9502381985783,1461.6649402157002,
2042,def,mountains,3259,1308.8773193359375,1373.19831221208,1149.446259502251,
2042,def,plains,7281,1465.3914794921875,1481.074289370336,1313.3883166133442,
2042,def,sahara,2351,1927.4921875,1973.891153076769,1840.1810315924774,
2043,tmax,national,22155,26.043235778808594,26.375412994992207,24.28223552376399,
2043,tmax,north,7085,24.287246704101562,24.41751822960907,22.51241357142149,
2043,tmax,center,7987,25.52956771850586,25.99262968589187,23.648643577228025,
2043,tmax,south,7083,28.378944396972656,28.765498368777894,26.767014206430854,
2043,tmax,atlantic_coast,5458,26.18785285949707,26.37066843273207,24.58576209317581,
2043,tmax,mountains,3259,22.57395362854004,22.50799069086857,19.923080613543274,
2043,tmax,plains,7281,26.344913482666016,26.848149288804713,25.227611565410264,
2043,tmax,sahara,2351,28.419189453125,28.843828860604308,27.353500121688093,
2043,tmin,national,22155,11.926183700561523,12.410689462181093,10.464084985911235,
2043,tmin,north,7085,11.083535194396973,11.551543168928468,9.8305337306713,
2043,tmin,center,7987,10.872681617736816,11.291700054547773,9.125373802288948,
2043,tmin,south,7083,13.957030296325684,14.53188385530013,12.607385404796757,
2043,tmin,atlantic_coast,5458,13.532177925109863,14.295784478951383,12.580488429886689,
2043,tmin,mountains,3259,7.065346717834473,6.740866319762105,4.342219952363648,
2043,tmin,plains,7281,13.786503791809082,14.782469213917564,13.275987333306249,
2043,tmin,sahara,2351,15.518818855285645,16.59957819297333,15.082629738104096,
2043,prec,national,22155,237.65797424316406,227.58708641515867,310.23745397878525,
2043,prec,north,7085,364.17608642578125,361.1223852538482,468.58246281603294,
2043,prec,center,7987,236.36012268066406,226.06503067731288,301.1130830963266,
2043,prec,south,7083,112.56764221191406,95.73039672238147,162.13664395849682,
2043,prec,atlantic_coast,5458,162.93434143066406,127.91648954967874,234.69058713411866,
2043,prec,mountains,3259,291.3760070800781,270.05345202145463,346.51131278931285,
2043,prec,plains,7281,233.7862548828125,235.04811143768904,331.6862311604633,
2043,prec,sahara,2351,67.76536560058594,43.38153976455223,87.14132694368749,
2043,vap,national,22155,1.0635892152786255,1.0572418755430548,1.0157547819061175,
2043,vap,north,7085,1.132525086402893,1.1731589861641811,1.13057767829222,
2043,vap,center,7987,0.9849618673324585,0.9323233797134741,0.9054845502662806,
2043,vap,south,7083,1.083296537399292,1.0821538192731386,1.0252434334960996,
2043,vap,atlantic_coast,5458,1.2293413877487183,1.2816715220707675,1.2105940728588012,
2043,vap,mountains,3259,0.7914689779281616,0.6889342589276609,0.6645325175047383,
2043,vap,plains,7281,1.3056459426879883,1.4043084972030715,1.3369105887188537,
2043,vap,sahara,2351,1.2888363599777222,1.3674326176577791,1.3000922946293274,
2043,ws,national,22155,3.6356663703918457,3.627775895557886,3.579721699131199,
2043,ws,north,7085,3.255000114440918,3.2329146060052403,3.173755215066263,
2043,ws,center,7987,3.480022668838501,3.4058292634692826,3.3671284825177774,
2043,ws,south,7083,4.191948413848877,4.273022258253377,4.225529204523191,
2043,ws,atlantic_coast,5458,3.8867509365081787,4.0323439569766375,3.9372162973319615,
2043,ws,mountains,3259,3.3463504314422607,3.314564795064039,3.3157890268862253,
2043,ws,plains,7281,3.594562530517578,3.686956916162177,3.5743424084319715,
2043,ws,sahara,2351,4.229826927185059,4.488001554752265,4.37964690568132,
2043,def,national,22155,1585.5374755859375,1602.4656059773085,1404.5040002089127,
2043,def,north,7085,1245.0069580078125,1221.427720570558,1024.6531869897856,
2043,def,center,7987,1546.2467041015625,1578.889996346207,1370.4070790390158,
2043,def,south,7083,1970.4700927734375,2010.1956373524931,1822.9107658507994,
2043,def,atlantic_coast,5458,1629.267822265625,1656.9502381985783,1461.6649402157002,
2043,def,mountains,3259,1325.8619384765625,1373.19831221208,1149.446259502251,
2043,def,plains,7281,1496.7960205078125,1481.074289370336,1313.3883166133442,
2043,def,sahara,2351,1924.747314453125,1973.891153076769,1840.1810315924774,
2044,tmax,national,22155,26.1156063079834,26.375412994992207,24.28223552376399,
2044,tmax,north,7085,24.40973472595215,24.41751822960907,22.51241357142149,
2044,tmax,center,7987,25.60974884033203,25.99262968589187,23.648643577228025,
2044,tmax,south,7083,28.392375946044922,28.765498368777894,26.767014206430854,
2044,tmax,atlantic_coast,5458,26.18665885925293,26.37066843273207,24.58576209317581,
2044,tmax,mountains,3259,22.68583106994629,22.50799069086857,19.923080613543274,
2044,tmax,plains,7281,26.380098342895508,26.848149288804713,25.227611565410264,
2044,tmax,sahara,2351,28.4049015045166,28.843828860604308,27.353500121688093,
2044,tmin,national,22155,12.035274505615234,12.410689462181093,10.464084985911235,
2044,tmin,north,7085,11.2589693069458,11.551543168928468,9.8305337306713,
2044,tmin,center,7987,11.020803451538086,11.291700054547773,9.125373802288948,
2044,tmin,south,7083,13.955745697021484,14.53188385530013,12.607385404796757,
2044,tmin,atlantic_coast,5458,13.501079559326172,14.295784478951383,12.580488429886689,
2044,tmin,mountains,3259,7.229181289672852,6.740866319762105,4.342219952363648,
2044,tmin,plains,7281,13.821755409240723,14.782469213917564,13.275987333306249,
2044,tmin,sahara,2351,15.488389015197754,16.59957819297333,15.082629738104096,
2044,prec,national,22155,218.32916259765625,227.58708641515867,310.23745397878525,
2044,prec,north,7085,322.2732849121094,361.1223852538482,468.58246281603294,
2044,prec,center,7987,220.38381958007812,226.06503067731288,301.1130830963266,
2044,prec,south,7083,112.03876495361328,95.73039672238147,162.13664395849682,
2044,prec,atlantic_coast,5458,155.17367553710938,127.91648954967874,234.69058713411866,
2044,prec,mountains,3259,280.7640686035156,270.05345202145463,346.51131278931285,
2044,prec,plains,7281,206.53195190429688,235.04811143768904,331.6862311604633,
2044,prec,sahara,2351,69.0252685546875,43.38153976455223,87.14132694368749,
2044,vap,national,22155,1.0649242401123047,1.0572418755430548,1.0157547819061175,
2044,vap,north,7085,1.1353507041931152,1.1731589861641811,1.13057767829222,
2044,vap,center,7987,0.9877596497535706,0.9323233797134741,0.9054845502662806,
2044,vap,south,7083,1.0814907550811768,1.0821538192731386,1.0252434334960996,
2044,vap,atlantic_coast,5458,1.2234578132629395,1.2816715220707675,1.2105940728588012,
2044,vap,mountains,3259,0.7924667000770569,0.6889342589276609,0.6645325175047383,
2044,vap,plains,7281,1.3018101453781128,1.4043084972030715,1.3369105887188537,
2044,vap,sahara,2351,1.285735011100769,1.3674326176577791,1.3000922946293274,
2044,ws,national,22155,3.6237969398498535,3.627775895557886,3.579721699131199,
2044,ws,north,7085,3.244065999984741,3.2329146060052403,3.173755215066263,
2044,ws,center,7987,3.4647762775421143,3.4058292634692826,3.3671284825177774,
2044,ws,south,7083,4.182950496673584,4.273022258253377,4.225529204523191,
2044,ws,atlantic_coast,5458,3.8777403831481934,4.0323439569766375,3.9372162973319615,
2044,ws,mountains,3259,3.340934991836548,3.314564795064039,3.3157890268862253,
2044,ws,plains,7281,3.5837862491607666,3.686956916162177,3.5743424084319715,
2044,ws,sahara,2351,4.219038486480713,4.488001554752265,4.37964690568132,
2044,def,national,22155,1605.3052978515625,1602.4656059773085,1404.5040002089127,
2044,def,north,7085,1285.0003662109375,1221.427720570558,1024.6531869897856,
2044,def,center,7987,1564.5599365234375,1578.889996346207,1370.4070790390158,
2044,def,south,7083,1971.646728515625,2010.1956373524931,1822.9107658507994,
2044,def,atlantic_coast,5458,1637.522216796875,1656.9502381985783,1461.6649402157002,
2044,def,mountains,3259,1343.6241455078125,1373.19831221208,1149.446259502251,
2044,def,plains,7281,1521.8153076171875,1481.074289370336,1313.3883166133442,
2044,def,sahara,2351,1922.53466796875,1973.891153076769,1840.1810315924774,
2045,tmax,national,22155,26.142797470092773,26.375412994992207,24.28223552376399,
2045,tmax,north,7085,24.46043586730957,24.41751822960907,22.51241357142149,
2045,tmax,center,7987,25.64923667907715,25.99262968589187,23.648643577228025,
2045,tmax,south,7083,28.382183074951172,28.765498368777894,26.767014206430854,
2045,tmax,atlantic_coast,5458,26.165931701660156,26.37066843273207,24.58576209317581,
2045,tmax,mountains,3259,22.776151657104492,22.50799069086857,19.923080613543274,
2045,tmax,plains,7281,26.366559982299805,26.848149288804713,25.227611565410264,
2045,tmax,sahara,2351,28.381425857543945,28.843828860604308,27.353500121688093,
2045,tmin,national,22155,12.07673454284668,12.410689462181093,10.464084985911235,
2045,tmin,north,7085,11.342514991760254,11.551543168928468,9.8305337306713,
2045,tmin,center,7987,11.098153114318848,11.291700054547773,9.125373802288948,
2045,tmin,south,7083,13.914640426635742,14.53188385530013,12.607385404796757,
2045,tmin,atlantic_coast,5458,13.428762435913086,14.295784478951383,12.580488429886689,
2045,tmin,mountains,3259,7.375093460083008,6.740866319762105,4.342219952363648,
2045,tmin,plains,7281,13.794782638549805,14.782469213917564,13.275987333306249,
2045,tmin,sahara,2351,15.438862800598145,16.59957819297333,15.082629738104096,
2045,prec,national,22155,216.82708740234375,227.58708641515867,310.23745397878525,
2045,prec,north,7085,317.7604675292969,361.1223852538482,468.58246281603294,
2045,prec,center,7987,218.62173461914062,226.06503067731288,301.1130830963266,
2045,prec,south,7083,113.84146881103516,95.73039672238147,162.13664395849682,
2045,prec,atlantic_coast,5458,154.1854705810547,127.91648954967874,234.69058713411866,
2045,prec,mountains,3259,293.2164306640625,270.05345202145463,346.51131278931285,
2045,prec,plains,7281,202.32974243164062,235.04811143768904,331.6862311604633,
2045,prec,sahara,2351,69.28905487060547,43.38153976455223,87.14132694368749,
2045,vap,national,22155,1.0636214017868042,1.0572418755430548,1.0157547819061175,
2045,vap,north,7085,1.1346688270568848,1.1731589861641811,1.13057767829222,
2045,vap,center,7987,0.9884529113769531,0.9323233797134741,0.9054845502662806,
2045,vap,south,7083,1.077316164970398,1.0821538192731386,1.0252434334960996,
2045,vap,atlantic_coast,5458,1.2143291234970093,1.2816715220707675,1.2105940728588012,
2045,vap,mountains,3259,0.7962325215339661,0.6889342589276609,0.6645325175047383,
2045,vap,plains,7281,1.2953481674194336,1.4043084972030715,1.3369105887188537,
2045,vap,sahara,2351,1.2809544801712036,1.3674326176577791,1.3000922946293274,
2045,ws,national,22155,3.627047300338745,3.627775895557886,3.579721699131199,
2045,ws,north,7085,3.2439181804656982,3.2329146060052403,3.173755215066263,
2045,ws,center,7987,3.465240001678467,3.4058292634692826,3.3671284825177774,
2045,ws,south,7083,4.192743301391602,4.273022258253377,4.225529204523191,
2045,ws,atlantic_coast,5458,3.8843111991882324,4.0323439569766375,3.9372162973319615,
2045,ws,mountains,3259,3.361575126647949,3.314564795064039,3.3157890268862253,
2045,ws,plains,7281,3.5825934410095215,3.686956916162177,3.5743424084319715,
2045,ws,sahara,2351,4.228662490844727,4.488001554752265,4.37964690568132,
2045,def,national,22155,1611.3060302734375,1602.4656059773085,1404.5040002089127,
2045,def,north,7085,1295.6826171875,1221.427720570558,1024.6531869897856,
2045,def,center,7987,1570.6473388671875,1578.889996346207,1370.4070790390158,
2045,def,south,7083,1972.8665771484375,2010.1956373524931,1822.9107658507994,
2045,def,atlantic_coast,5458,1642.677490234375,1656.9502381985783,1461.6649402157002,
2045,def,mountains,3259,1344.857666015625,1373.19831221208,1149.446259502251,
2045,def,plains,7281,1528.4644775390625,1481.074289370336,1313.3883166133442,
2045,def,sahara,2351,1924.5040283203125,1973.891153076769,1840.1810315924774,
2046,tmax,national,22155,26.170751571655273,26.375412994992207,24.28223552376399,
2046,tmax,north,7085,24.49601936340332,24.41751822960907,22.51241357142149,
2046,tmax,center,7987,25.670127868652344,25.99262968589187,23.648643577228025,
2046,tmax,south,7083,28.410470962524414,28.765498368777894,26.767014206430854,
2046,tmax,atlantic_coast,5458,26.187259674072266,26.37066843273207,24.58576209317581,
2046,tmax,mountains,3259,22.804353713989258,22.50799069086857,19.923080613543274,
2046,tmax,plains,7281,26.380159378051758,26.848149288804713,25.227611565410264,
2046,tmax,sahara,2351,28.390684127807617,28.843828860604308,27.353500121688093,
2046,tmin,national,22155,12.084715843200684,12.410689462181093,10.464084985911235,
2046,tmin,north,7085,11.339224815368652,11.551543168928468,9.8305337306713,
2046,tmin,center,7987,11.112616539001465,11.291700054547773,9.125373802288948,
2046,tmin,south,7083,13.926582336425781,14.53188385530013,12.607385404796757,
2046,tmin,atlantic_coast,5458,13.4274320602417,14.295784478951383,12.580488429886689,
2046,tmin,mountains,3259,7.420887470245361,6.740866319762105,4.342219952363648,
2046,tmin,plains,7281,13.787837028503418,14.782469213917564,13.275987333306249,
2046,tmin,sahara,2351,15.438360214233398,16.59957819297333,15.082629738104096,
2046,prec,national,22155,220.3053436279297,227.58708641515867,310.23745397878525,
2046,prec,north,7085,323.864990234375,361.1223852538482,468.58246281603294,
2046,prec,center,7987,222.8469696044922,226.06503067731288,301.1130830963266,
2046,prec,south,7083,113.85037994384766,95.73039672238147,162.13664395849682,
2046,prec,atlantic_coast,5458,154.0587615966797,127.91648954967874,234.69058713411866,
2046,prec,mountains,3259,302.5149230957031,270.05345202145463,346.51131278931285,
2046,prec,plains,7281,209.68540954589844,235.04811143768904,331.6862311604633,
2046,prec,sahara,2351,70.27410888671875,43.38153976455223,87.14132694368749,
2046,vap,national,22155,1.0635240077972412,1.0572418755430548,1.0157547819061175,
2046,vap,north,7085,1.13404381275177,1.1731589861641811,1.13057767829222,
2046,vap,center,7987,0.9886263012886047,0.9323233797134741,0.9054845502662806,
2046,vap,south,7083,1.0774412155151367,1.0821538192731386,1.0252434334960996,
2046,vap,atlantic_coast,5458,1.213200330734253,1.2816715220707675,1.2105940728588012,
2046,vap,mountains,3259,0.7977553606033325,0.6889342589276609,0.6645325175047383,
2046,vap,plains,7281,1.2957159280776978,1.4043084972030715,1.3369105887188537,
2046,vap,sahara,2351,1.2810593843460083,1.3674326176577791,1.3000922946293274,
2046,ws,national,22155,3.6253392696380615,3.627775895557886,3.579721699131199,
2046,ws,north,7085,3.2382068634033203,3.2329146060052403,3.173755215066263,
2046,ws,center,7987,3.4663639068603516,3.4058292634692826,3.3671284825177774,
2046,ws,south,7083,4.191845417022705,4.273022258253377,4.225529204523191,
2046,ws,atlantic_coast,5458,3.8813180923461914,4.0323439569766375,3.9372162973319615,
2046,ws,mountains,3259,3.3790040016174316,3.314564795064039,3.3157890268862253,
2046,ws,plains,7281,3.574575185775757,3.686956916162177,3.5743424084319715,
2046,ws,sahara,2351,4.2234883308410645,4.488001554752265,4.37964690568132,
2046,def,national,22155,1610.68505859375,1602.4656059773085,1404.5040002089127,
2046,def,north,7085,1292.9228515625,1221.427720570558,1024.6531869897856,
2046,def,center,7987,1569.7191162109375,1578.889996346207,1370.4070790390158,
2046,def,south,7083,1974.7313232421875,2010.1956373524931,1822.9107658507994,
2046,def,atlantic_coast,5458,1644.99560546875,1656.9502381985783,1461.6649402157002,
2046,def,mountains,3259,1343.1541748046875,1373.19831221208,1149.446259502251,
2046,def,plains,7281,1522.71337890625,1481.074289370336,1313.3883166133442,
2046,def,sahara,2351,1923.6051025390625,1973.891153076769,1840.1810315924774,
2047,tmax,national,22155,26.18427085876465,26.375412994992207,24.28223552376399,
2047,tmax,north,7085,24.495769500732422,24.41751822960907,22.51241357142149,
2047,tmax,center,7987,25.69013786315918,25.99262968589187,23.648643577228025,
2047,tmax,south,7083,28.430444717407227,28.765498368777894,26.767014206430854,
2047,tmax,atlantic_coast,5458,26.207807540893555,26.37066843273207,24.58576209317581,
2047,tmax,mountains,3259,22.829914093017578,22.50799069086857,19.923080613543274,
2047,tmax,plains,7281,26.371084213256836,26.848149288804713,25.227611565410264,
2047,tmax,sahara,2351,28.402793884277344,28.843828860604308,27.353500121688093,
2047,tmin,national,22155,12.061295509338379,12.410689462181093,10.464084985911235,
2047,tmin,north,7085,11.299956321716309,11.551543168928468,9.8305337306713,
2047,tmin,center,7987,11.077797889709473,11.291700054547773,9.125373802288948,
2047,tmin,south,7083,13.931872367858887,14.53188385530013,12.607385404796757,
2047,tmin,atlantic_coast,5458,13.444476127624512,14.295784478951383,12.580488429886689,
2047,tmin,mountains,3259,7.373611927032471,6.740866319762105,4.342219952363648,
2047,tmin,plains,7281,13.783037185668945,14.782469213917564,13.275987333306249,
2047,tmin,sahara,2351,15.438549995422363,16.59957819297333,15.082629738104096,
2047,prec,national,22155,228.60926818847656,227.58708641515867,310.23745397878525,
2047,prec,north,7085,343.5703125,361.1223852538482,468.58246281603294,
2047,prec,center,7987,226.7537841796875,226.06503067731288,301.1130830963266,
2047,prec,south,7083,115.7080307006836,95.73039672238147,162.13664395849682,
2047,prec,atlantic_coast,5458,161.7706756591797,127.91648954967874,234.69058713411866,
2047,prec,mountains,3259,300.2824401855469,270.05345202145463,346.51131278931285,
2047,prec,plains,7281,229.77777099609375,235.04811143768904,331.6862311604633,
2047,prec,sahara,2351,73.10655975341797,43.38153976455223,87.14132694368749,
2047,vap,national,22155,1.0635037422180176,1.0572418755430548,1.0157547819061175,
2047,vap,north,7085,1.133703589439392,1.1731589861641811,1.13057767829222,
2047,vap,center,7987,0.9875525236129761,0.9323233797134741,0.9054845502662806,
2047,vap,south,7083,1.0789289474487305,1.0821538192731386,1.0252434334960996,
2047,vap,atlantic_coast,5458,1.2173370122909546,1.2816715220707675,1.2105940728588012,
2047,vap,mountains,3259,0.7944691777229309,0.6889342589276609,0.6645325175047383,
2047,vap,plains,7281,1.299298644065857,1.4043084972030715,1.3369105887188537,
2047,vap,sahara,2351,1.2827314138412476,1.3674326176577791,1.3000922946293274,
2047,ws,national,22155,3.6265318393707275,3.627775895557886,3.579721699131199,
2047,ws,north,7085,3.241689920425415,3.2329146060052403,3.173755215066263,
2047,ws,center,7987,3.470341682434082,3.4058292634692826,3.3671284825177774,
2047,ws,south,7083,4.187606334686279,4.273022258253377,4.225529204523191,
2047,ws,atlantic_coast,5458,3.881112813949585,4.0323439569766375,3.9372162973319615,
2047,ws,mountains,3259,3.389209747314453,3.314564795064039,3.3157890268862253,
2047,ws,plains,7281,3.5724010467529297,3.686956916162177,3.5743424084319715,
2047,ws,sahara,2351,4.213359832763672,4.488001554752265,4.37964690568132,
2047,def,national,22155,1605.6319580078125,1602.4656059773085,1404.5040002089127,
2047,def,north,7085,1280.7220458984375,1221.427720570558,1024.6531869897856,
2047,def,center,7987,1567.922119140625,1578.889996346207,1370.4070790390158,
2047,def,south,7083,1973.156005859375,2010.1956373524931,1822.9107658507994,
2047,def,atlantic_coast,5458,1638.375732421875,1656.9502381985783,1461.6649402157002,
2047,def,mountains,3259,1349.22216796875,1373.19831221208,1149.446259502251,
2047,def,plains,7281,1506.6348876953125,1481.074289370336,1313.3883166133442,
2047,def,sahara,2351,1919.787353515625,1973.891153076769,1840.1810315924774,
2048,tmax,national,22155,26.187129974365234,26.375412994992207,24.28223552376399,
2048,tmax,north,7085,24.467506408691406,24.41751822960907,22.51241357142149,
2048,tmax,center,7987,25.71440315246582,25.99262968589187,23.648643577228025,
2048,tmax,south,7083,28.44029426574707,28.765498368777894,26.767014206430854,
2048,tmax,atlantic_coast,5458,26.219493865966797,26.37066843273207,24.58576209317581,
2048,tmax,mountains,3259,22.853248596191406,22.50799069086857,19.923080613543274,
2048,tmax,plains,7281,26.352388381958008,26.848149288804713,25.227611565410264,
2048,tmax,sahara,2351,28.41025733947754,28.843828860604308,27.353500121688093,
2048,tmin,national,22155,12.02109432220459,12.410689462181093,10.464084985911235,
2048,tmin,north,7085,11.214855194091797,11.551543168928468,9.8305337306713,
2048,tmin,center,7987,11.042569160461426,11.291700054547773,9.125373802288948,
2048,tmin,south,7083,13.930974960327148,14.53188385530013,12.607385404796757,
2048,tmin,atlantic_coast,5458,13.458162307739258,14.295784478951383,12.580488429886689,
2048,tmin,mountains,3259,7.334308624267578,6.740866319762105,4.342219952363648,
2048,tmin,plains,7281,13.750370979309082,14.782469213917564,13.275987333306249,
2048,tmin,sahara,2351,15.433015823364258,16.59957819297333,15.082629738104096,
2048,prec,national,22155,232.31875610351562,227.58708641515867,310.23745397878525,
2048,prec,north,7085,349.1305236816406,361.1223852538482,468.58246281603294,
2048,prec,center,7987,229.79673767089844,226.06503067731288,301.1130830963266,
2048,prec,south,7083,118.31790924072266,95.73039672238147,162.13664395849682,
2048,prec,atlantic_coast,5458,167.41485595703125,127.91648954967874,234.69058713411866,
2048,prec,mountains,3259,299.9775695800781,270.05345202145463,346.51131278931285,
2048,prec,plains,7281,238.63287353515625,235.04811143768904,331.6862311604633,
2048,prec,sahara,2351,75.62873840332031,43.38153976455223,87.14132694368749,
2048,vap,national,22155,1.0626567602157593,1.0572418755430548,1.0157547819061175,
2048,vap,north,7085,1.129871129989624,1.1731589861641811,1.13057767829222,
2048,vap,center,7987,0.9875736236572266,0.9323233797134741,0.9054845502662806,
2048,vap,south,7083,1.0800894498825073,1.0821538192731386,1.0252434334960996,
2048,vap,atlantic_coast,5458,1.2218996286392212,1.2816715220707675,1.2105940728588012,
2048,vap,mountains,3259,0.7934218049049377,0.6889342589276609,0.6645325175047383,
2048,vap,plains,7281,1.3008097410202026,1.4043084972030715,1.3369105887188537,
2048,vap,sahara,2351,1.2838683128356934,1.3674326176577791,1.3000922946293274,
2048,ws,national,22155,3.6285340785980225,3.627775895557886,3.579721699131199,
2048,ws,north,7085,3.2412827014923096,3.2329146060052403,3.173755215066263,
2048,ws,center,7987,3.4799318313598633,3.4058292634692826,3.3671284825177774,
2048,ws,south,7083,4.183463096618652,4.273022258253377,4.225529204523191,
2048,ws,atlantic_coast,5458,3.8803977966308594,4.0323439569766375,3.9372162973319615,
2048,ws,mountains,3259,3.3990752696990967,3.314564795064039,3.3157890268862253,
2048,ws,plains,7281,3.5675408840179443,3.686956916162177,3.5743424084319715,
2048,ws,sahara,2351,4.203437328338623,4.488001554752265,4.37964690568132,
2048,def,national,22155,1602.5594482421875,1602.4656059773085,1404.5040002089127,
2048,def,north,7085,1275.3480224609375,1221.427720570558,1024.6531869897856,
2048,def,center,7987,1566.557373046875,1578.889996346207,1370.4070790390158,
2048,def,south,7083,1970.4598388671875,2010.1956373524931,1822.9107658507994,
2048,def,atlantic_coast,5458,1632.0516357421875,1656.9502381985783,1461.6649402157002,
2048,def,mountains,3259,1351.0882568359375,1373.19831221208,1149.446259502251,
2048,def,plains,7281,1496.6395263671875,1481.074289370336,1313.3883166133442,
2048,def,sahara,2351,1916.2080078125,1973.891153076769,1840.1810315924774,
2049,tmax,national,22155,26.17289924621582,26.375412994992207,24.28223552376399,
2049,tmax,north,7085,24.41514015197754,24.41751822960907,22.51241357142149,
2049,tmax,center,7987,25.72213363647461,25.99262968589187,23.648643577228025,
2049,tmax,south,7083,28.43944549560547,28.765498368777894,26.767014206430854,
2049,tmax,atlantic_coast,5458,26.21754264831543,26.37066843273207,24.58576209317581,
2049,tmax,mountains,3259,22.84693145751953,22.50799069086857,19.923080613543274,
2049,tmax,plains,7281,26.348865509033203,26.848149288804713,25.227611565410264,
2049,tmax,sahara,2351,28.403316497802734,28.843828860604308,27.353500121688093,
2049,tmin,national,22155,11.976290702819824,12.410689462181093,10.464084985911235,
2049,tmin,north,7085,11.10763931274414,11.551543168928468,9.8305337306713,
2049,tmin,center,7987,11.015335083007812,11.291700054547773,9.125373802288948,
2049,tmin,south,7083,13.928790092468262,14.53188385530013,12.607385404796757,
2049,tmin,atlantic_coast,5458,13.451281547546387,14.295784478951383,12.580488429886689,
2049,tmin,mountains,3259,7.341761112213135,6.740866319762105,4.342219952363648,
2049,tmin,plains,7281,13.699711799621582,14.782469213917564,13.275987333306249,
2049,tmin,sahara,2351,15.417764663696289,16.59957819297333,15.082629738104096,
2049,prec,national,22155,233.1068115234375,227.58708641515867,310.23745397878525,
2049,prec,north,7085,347.4703674316406,361.1223852538482,468.58246281603294,
2049,prec,center,7987,232.8822479248047,226.06503067731288,301.1130830963266,
2049,prec,south,7083,118.96416473388672,95.73039672238147,162.13664395849682,
2049,prec,atlantic_coast,5458,165.2310791015625,127.91648954967874,234.69058713411866,
2049,prec,mountains,3259,304.5386962890625,270.05345202145463,346.51131278931285,
2049,prec,plains,7281,229.3714141845703,235.04811143768904,331.6862311604633,
2049,prec,sahara,2351,75.73839569091797,43.38153976455223,87.14132694368749,
2049,vap,national,22155,1.0617433786392212,1.0572418755430548,1.0157547819061175,
2049,vap,north,7085,1.1273595094680786,1.1731589861641811,1.13057767829222,
2049,vap,center,7987,0.987455427646637,0.9323233797134741,0.9054845502662806,
2049,vap,south,7083,1.0798782110214233,1.0821538192731386,1.0252434334960996,
2049,vap,atlantic_coast,5458,1.2221148014068604,1.2816715220707675,1.2105940728588012,
2049,vap,mountains,3259,0.7958873510360718,0.6889342589276609,0.6645325175047383,
2049,vap,plains,7281,1.298649549484253,1.4043084972030715,1.3369105887188537,
2049,vap,sahara,2351,1.2829725742340088,1.3674326176577791,1.3000922946293274,
2049,ws,national,22155,3.6314964294433594,3.627775895557886,3.579721699131199,
2049,ws,north,7085,3.2364611625671387,3.2329146060052403,3.173755215066263,
2049,ws,center,7987,3.491816282272339,3.4058292634692826,3.3671284825177774,
2049,ws,south,7083,4.184150218963623,4.273022258253377,4.225529204523191,
2049,ws,atlantic_coast,5458,3.8808698654174805,4.0323439569766375,3.9372162973319615,
2049,ws,mountains,3259,3.407517433166504,3.314564795064039,3.3157890268862253,
2049,ws,plains,7281,3.5647106170654297,3.686956916162177,3.5743424084319715,
2049,ws,sahara,2351,4.200622081756592,4.488001554752265,4.37964690568132,
2049,def,national,22155,1599.5677490234375,1602.4656059773085,1404.5040002089127,
2049,def,north,7085,1267.6663818359375,1221.427720570558,1024.6531869897856,
2049,def,center,7987,1565.232421875,1578.889996346207,1370.4070790390158,
2049,def,south,7083,1970.2802734375,2010.1956373524931,1822.9107658507994,
2049,def,atlantic_coast,5458,1633.4136962890625,1656.9502381985783,1461.6649402157002,
2049,def,mountains,3259,1346.423583984375,1373.19831221208,1149.446259502251,
2049,def,plains,7281,1499.6011962890625,1481.074289370336,1313.3883166133442,
2049,def,sahara,2351,1915.485595703125,1973.891153076769,1840.1810315924774,
2050,tmax,national,22155,26.138668060302734,26.375412994992207,24.28223552376399,
2050,tmax,north,7085,24.342042922973633,24.41751822960907,22.51241357142149,
2050,tmax,center,7987,25.707521438598633,25.99262968589187,23.648643577228025,
2050,tmax,south,7083,28.42197036743164,28.765498368777894,26.767014206430854,
2050,tmax,atlantic_coast,5458,26.202123641967773,26.37066843273207,24.58576209317581,
2050,tmax,mountains,3259,22.800546646118164,22.50799069086857,19.923080613543274,
2050,tmax,plains,7281,26.328405380249023,26.848149288804713,25.227611565410264,
2050,tmax,sahara,2351,28.378236770629883,28.843828860604308,27.353500121688093,
2050,tmin,national,22155,11.925603866577148,12.410689462181093,10.464084985911235,
2050,tmin,north,7085,11.01501750946045,11.551543168928468,9.8305337306713,
2050,tmin,center,7987,10.970452308654785,11.291700054547773,9.125373802288948,
2050,tmin,south,7083,13.913505554199219,14.53188385530013,12.607385404796757,
2050,tmin,atlantic_coast,5458,13.418502807617188,14.295784478951383,12.580488429886689,
2050,tmin,mountains,3259,7.313547611236572,6.740866319762105,4.342219952363648,
2050,tmin,plains,7281,13.648802757263184,14.782469213917564,13.275987333306249,
2050,tmin,sahara,2351,15.387707710266113,16.59957819297333,15.082629738104096,
2050,prec,national,22155,236.44192504882812,227.58708641515867,310.23745397878525,
2050,prec,north,7085,354.6844177246094,361.1223852538482,468.58246281603294,
2050,prec,center,7987,236.14329528808594,226.06503067731288,301.1130830963266,
2050,prec,south,7083,118.50288391113281,95.73039672238147,162.13664395849682,
2050,prec,atlantic_coast,5458,159.90914916992188,127.91648954967874,234.69058713411866,
2050,prec,mountains,3259,311.7373046875,270.05345202145463,346.51131278931285,
2050,prec,plains,7281,224.3329620361328,235.04811143768904,331.6862311604633,
2050,prec,sahara,2351,74.43144989013672,43.38153976455223,87.14132694368749,
2050,vap,national,22155,1.0607447624206543,1.0572418755430548,1.0157547819061175,
2050,vap,north,7085,1.1273678541183472,1.1731589861641811,1.13057767829222,
2050,vap,center,7987,0.9866460561752319,0.9323233797134741,0.9054845502662806,
2050,vap,south,7083,1.0776588916778564,1.0821538192731386,1.0252434334960996,
2050,vap,atlantic_coast,5458,1.2181364297866821,1.2816715220707675,1.2105940728588012,
2050,vap,mountains,3259,0.7980635762214661,0.6889342589276609,0.6645325175047383,
2050,vap,plains,7281,1.2948626279830933,1.4043084972030715,1.3369105887188537,
2050,vap,sahara,2351,1.2796472311019897,1.3674326176577791,1.3000922946293274,
2050,ws,national,22155,3.6388208866119385,3.627775895557886,3.579721699131199,
2050,ws,north,7085,3.2390825748443604,3.2329146060052403,3.173755215066263,
2050,ws,center,7987,3.504323720932007,3.4058292634692826,3.3671284825177774,
2050,ws,south,7083,4.190334320068359,4.273022258253377,4.225529204523191,
2050,ws,atlantic_coast,5458,3.885251522064209,4.0323439569766375,3.9372162973319615,
2050,ws,mountains,3259,3.4142723083496094,3.314564795064039,3.3157890268862253,
2050,ws,plains,7281,3.5721096992492676,3.686956916162177,3.5743424084319715,
2050,ws,sahara,2351,4.2055277824401855,4.488001554752265,4.37964690568132,
2050,def,national,22155,1594.8746337890625,1602.4656059773085,1404.5040002089127,
2050,def,north,7085,1254.2176513671875,1221.427720570558,1024.6531869897856,
2050,def,center,7987,1562.8653564453125,1578.889996346207,1370.4070790390158,
2050,def,south,7083,1971.7222900390625,2010.1956373524931,1822.9107658507994,
2050,def,atlantic_coast,5458,1638.828369140625,1656.9502381985783,1461.6649402157002,
2050,def,mountains,3259,1336.5989990234375,1373.19831221208,1149.446259502251,
2050,def,plains,7281,1503.0826416015625,1481.074289370336,1313.3883166133442,
2050,def,sahara,2351,1916.8345947265625,1973.891153076769,1840.1810315924774,
